<?xml version="1.0" encoding="UTF-8" ?>
<!-- This is a WordPress eXtended RSS file generated by WordPress as an export of your site. -->
<!-- It contains information about your site's posts, pages, comments, categories, and other content. -->
<!-- You may use this file to transfer that content from one site to another. -->
<!-- This file is not intended to serve as a complete backup of your site. -->

<!-- To import this information into a WordPress site follow these steps: -->
<!-- 1. Log in to that site as an administrator. -->
<!-- 2. Go to Tools: Import in the WordPress admin panel. -->
<!-- 3. Install the "WordPress" importer from the list. -->
<!-- 4. Activate & Run Importer. -->
<!-- 5. Upload this file using the form provided on that page. -->
<!-- 6. You will first be asked to map the authors in this export file to users -->
<!--    on the site. For each author, you may choose to map to an -->
<!--    existing user on the site or to create a new user. -->
<!-- 7. WordPress will then import each of the posts, pages, comments, categories, etc. -->
<!--    contained in this file into your site. -->

<!-- generator="WordPress/3.9" created="2014-04-30 17:50" -->
<rss version="2.0"
	xmlns:excerpt="http://wordpress.org/export/1.1/excerpt/"
	xmlns:content="http://purl.org/rss/1.0/modules/content/"
	xmlns:wfw="http://wellformedweb.org/CommentAPI/"
	xmlns:dc="http://purl.org/dc/elements/1.1/"
	xmlns:wp="http://wordpress.org/export/1.1/"
>

<channel>
	<title>National Day of Civic Hacking</title>
	<link>http://localhost:8888/phuse/ndoch</link>
	<description></description>
	<pubDate>Wed, 30 Apr 2014 17:50:55 +0000</pubDate>
	<language></language>
	<wp:wxr_version>1.1</wp:wxr_version>
	<wp:base_site_url>http://localhost:8888/phuse/ndoch</wp:base_site_url>
	<wp:base_blog_url>http://localhost:8888/phuse/ndoch</wp:base_blog_url>
	<wp:author><wp:author_id>1</wp:author_id><wp:author_login>ndoch@dmin</wp:author_login><wp:author_email>hello@thephuse.com</wp:author_email><wp:author_display_name><![CDATA[admin]]></wp:author_display_name><wp:author_first_name><![CDATA[]]></wp:author_first_name><wp:author_last_name><![CDATA[]]></wp:author_last_name></wp:author>
	<wp:author><wp:author_id>3</wp:author_id><wp:author_login>newb</wp:author_login><wp:author_email>newb@thephuse.com</wp:author_email><wp:author_display_name><![CDATA[Newb Tester]]></wp:author_display_name><wp:author_first_name><![CDATA[Newb]]></wp:author_first_name><wp:author_last_name><![CDATA[Tester]]></wp:author_last_name></wp:author>
	<item>
		<title>Home</title>
		<link>http://localhost:8888/phuse/ndoch/?acf=acf_home</link>
		<pubDate>Fri, 04 Apr 2014 17:18:41 +0000</pubDate>
		<dc:creator>ndoch@dmin</dc:creator>
		<guid isPermaLink="false">http://localhost:8888/phuse/ndoch/?post_type=acf&#038;p=11</guid>
		<wp:post_id>11</wp:post_id>
		<wp:post_date>2014-04-04 17:18:41</wp:post_date>
		<wp:post_date_gmt>2014-04-04 17:18:41</wp:post_date_gmt>
		<wp:comment_status>closed</wp:comment_status>
		<wp:ping_status>closed</wp:ping_status>
		<wp:post_name>acf_home</wp:post_name>
		<wp:status>publish</wp:status>
		<wp:post_parent>0</wp:post_parent>
		<wp:menu_order>0</wp:menu_order>
		<wp:post_type>acf</wp:post_type>
		<wp:post_password></wp:post_password>
		<wp:postmeta>
			<wp:meta_key>_edit_last</wp:meta_key>
			<wp:meta_value><![CDATA[1]]></wp:meta_value>
		</wp:postmeta>
		<wp:postmeta>
			<wp:meta_key>field_533ee3057cebb</wp:meta_key>
			<wp:meta_value><![CDATA[a:14:{s:3:"key";s:19:"field_533ee3057cebb";s:5:"label";s:3:"Map";s:4:"name";s:3:"map";s:4:"type";s:4:"text";s:12:"instructions";s:47:"Enter Mapbox map ID (eg: examples.map-9ijuk24y)";s:8:"required";s:1:"0";s:13:"default_value";s:0:"";s:11:"placeholder";s:0:"";s:7:"prepend";s:0:"";s:6:"append";s:0:"";s:10:"formatting";s:4:"html";s:9:"maxlength";s:0:"";s:17:"conditional_logic";a:3:{s:6:"status";s:1:"0";s:5:"rules";a:1:{i:0;a:3:{s:5:"field";s:19:"field_533ee9457cec2";s:8:"operator";s:2:"==";s:5:"value";s:1:"1";}}s:8:"allorany";s:3:"all";}s:8:"order_no";i:0;}]]></wp:meta_value>
		</wp:postmeta>
		<wp:postmeta>
			<wp:meta_key>field_533ee33c7cebc</wp:meta_key>
			<wp:meta_value><![CDATA[a:11:{s:3:"key";s:19:"field_533ee33c7cebc";s:5:"label";s:12:"Hero Content";s:4:"name";s:12:"hero_content";s:4:"type";s:7:"wysiwyg";s:12:"instructions";s:80:"Goes at the top of the page in map area. Use Heading 1, Heading 2 and paragraph.";s:8:"required";s:1:"0";s:13:"default_value";s:0:"";s:7:"toolbar";s:4:"full";s:12:"media_upload";s:2:"no";s:17:"conditional_logic";a:3:{s:6:"status";s:1:"0";s:5:"rules";a:1:{i:0;a:3:{s:5:"field";s:19:"field_533ee9457cec2";s:8:"operator";s:2:"==";s:5:"value";s:0:"";}}s:8:"allorany";s:3:"all";}s:8:"order_no";i:1;}]]></wp:meta_value>
		</wp:postmeta>
		<wp:postmeta>
			<wp:meta_key>field_533ee4987cebd</wp:meta_key>
			<wp:meta_value><![CDATA[a:14:{s:3:"key";s:19:"field_533ee4987cebd";s:5:"label";s:7:"Hashtag";s:4:"name";s:7:"hashtag";s:4:"type";s:4:"text";s:12:"instructions";s:25:"Enter your event hashtag.";s:8:"required";s:1:"0";s:13:"default_value";s:14:"#hackforchange";s:11:"placeholder";s:0:"";s:7:"prepend";s:0:"";s:6:"append";s:0:"";s:10:"formatting";s:4:"none";s:9:"maxlength";s:0:"";s:17:"conditional_logic";a:3:{s:6:"status";s:1:"0";s:5:"rules";a:1:{i:0;a:3:{s:5:"field";s:19:"field_533ee9457cec2";s:8:"operator";s:2:"==";s:5:"value";s:0:"";}}s:8:"allorany";s:3:"all";}s:8:"order_no";i:3;}]]></wp:meta_value>
		</wp:postmeta>
		<wp:postmeta>
			<wp:meta_key>field_533ee4cb7cebe</wp:meta_key>
			<wp:meta_value><![CDATA[a:14:{s:3:"key";s:19:"field_533ee4cb7cebe";s:5:"label";s:10:"Press Link";s:4:"name";s:10:"press_link";s:4:"type";s:4:"text";s:12:"instructions";s:48:"Link to 'View all Press' in 'As seen on' section";s:8:"required";s:1:"0";s:13:"default_value";s:0:"";s:11:"placeholder";s:0:"";s:7:"prepend";s:0:"";s:6:"append";s:0:"";s:10:"formatting";s:4:"html";s:9:"maxlength";s:0:"";s:17:"conditional_logic";a:3:{s:6:"status";s:1:"0";s:5:"rules";a:1:{i:0;a:3:{s:5:"field";s:19:"field_533ee9457cec2";s:8:"operator";s:2:"==";s:5:"value";s:0:"";}}s:8:"allorany";s:3:"all";}s:8:"order_no";i:4;}]]></wp:meta_value>
		</wp:postmeta>
		<wp:postmeta>
			<wp:meta_key>field_533ee70c7cebf</wp:meta_key>
			<wp:meta_value><![CDATA[a:13:{s:3:"key";s:19:"field_533ee70c7cebf";s:5:"label";s:11:"Press Logos";s:4:"name";s:11:"press_logos";s:4:"type";s:8:"repeater";s:12:"instructions";s:53:"4-5 logos with optional links to show in 'As seen on'";s:8:"required";s:1:"0";s:10:"sub_fields";a:2:{i:0;a:12:{s:3:"key";s:19:"field_533ee7437cec0";s:5:"label";s:4:"Logo";s:4:"name";s:4:"logo";s:4:"type";s:5:"image";s:12:"instructions";s:0:"";s:8:"required";s:1:"1";s:12:"column_width";s:0:"";s:11:"save_format";s:3:"url";s:12:"preview_size";s:9:"thumbnail";s:7:"library";s:3:"all";s:17:"conditional_logic";a:3:{s:6:"status";s:1:"0";s:5:"rules";a:1:{i:0;a:3:{s:5:"field";s:19:"field_533ee9457cec2";s:8:"operator";s:2:"==";s:5:"value";s:0:"";}}s:8:"allorany";s:3:"all";}s:8:"order_no";i:0;}i:1;a:15:{s:3:"key";s:19:"field_533ee7617cec1";s:5:"label";s:4:"Link";s:4:"name";s:4:"link";s:4:"type";s:4:"text";s:12:"instructions";s:0:"";s:8:"required";s:1:"0";s:12:"column_width";s:0:"";s:13:"default_value";s:0:"";s:11:"placeholder";s:0:"";s:7:"prepend";s:0:"";s:6:"append";s:0:"";s:10:"formatting";s:4:"none";s:9:"maxlength";s:0:"";s:17:"conditional_logic";a:3:{s:6:"status";s:1:"0";s:5:"rules";a:1:{i:0;a:3:{s:5:"field";s:19:"field_533ee9457cec2";s:8:"operator";s:2:"==";s:5:"value";s:0:"";}}s:8:"allorany";s:3:"all";}s:8:"order_no";i:1;}}s:7:"row_min";s:0:"";s:9:"row_limit";s:0:"";s:6:"layout";s:5:"table";s:12:"button_label";s:8:"Add Logo";s:17:"conditional_logic";a:3:{s:6:"status";s:1:"0";s:5:"rules";a:1:{i:0;a:3:{s:5:"field";s:19:"field_533ee9457cec2";s:8:"operator";s:2:"==";s:5:"value";s:0:"";}}s:8:"allorany";s:3:"all";}s:8:"order_no";i:5;}]]></wp:meta_value>
		</wp:postmeta>
		<wp:postmeta>
			<wp:meta_key>field_533ee9457cec2</wp:meta_key>
			<wp:meta_value><![CDATA[a:11:{s:3:"key";s:19:"field_533ee9457cec2";s:5:"label";s:12:"Show Events?";s:4:"name";s:11:"show_events";s:4:"type";s:8:"checkbox";s:12:"instructions";s:0:"";s:8:"required";s:1:"0";s:7:"choices";a:1:{i:1;s:3:"Yes";}s:13:"default_value";s:0:"";s:6:"layout";s:8:"vertical";s:17:"conditional_logic";a:3:{s:6:"status";s:1:"0";s:5:"rules";a:1:{i:0;a:3:{s:5:"field";s:19:"field_533ee9547cec3";s:8:"operator";s:2:"==";s:5:"value";s:0:"";}}s:8:"allorany";s:3:"all";}s:8:"order_no";i:6;}]]></wp:meta_value>
		</wp:postmeta>
		<wp:postmeta>
			<wp:meta_key>field_533ee9547cec3</wp:meta_key>
			<wp:meta_value><![CDATA[a:11:{s:3:"key";s:19:"field_533ee9547cec3";s:5:"label";s:16:"Show Challenges?";s:4:"name";s:15:"show_challenges";s:4:"type";s:8:"checkbox";s:12:"instructions";s:0:"";s:8:"required";s:1:"0";s:7:"choices";a:1:{i:1;s:3:"Yes";}s:13:"default_value";s:0:"";s:6:"layout";s:8:"vertical";s:17:"conditional_logic";a:3:{s:6:"status";s:1:"0";s:5:"rules";a:1:{i:0;a:3:{s:5:"field";s:19:"field_533ee9457cec2";s:8:"operator";s:2:"==";s:5:"value";s:3:"Yes";}}s:8:"allorany";s:3:"all";}s:8:"order_no";i:7;}]]></wp:meta_value>
		</wp:postmeta>
		<wp:postmeta>
			<wp:meta_key>position</wp:meta_key>
			<wp:meta_value><![CDATA[normal]]></wp:meta_value>
		</wp:postmeta>
		<wp:postmeta>
			<wp:meta_key>layout</wp:meta_key>
			<wp:meta_value><![CDATA[default]]></wp:meta_value>
		</wp:postmeta>
		<wp:postmeta>
			<wp:meta_key>hide_on_screen</wp:meta_key>
			<wp:meta_value><![CDATA[]]></wp:meta_value>
		</wp:postmeta>
		<wp:postmeta>
			<wp:meta_key>field_533ee98984d22</wp:meta_key>
			<wp:meta_value><![CDATA[a:14:{s:3:"key";s:19:"field_533ee98984d22";s:5:"label";s:16:"Sponsors Heading";s:4:"name";s:16:"sponsors_heading";s:4:"type";s:4:"text";s:12:"instructions";s:43:"Main heading for all the sponsor categories";s:8:"required";s:1:"0";s:13:"default_value";s:31:"Who makes National Day possible";s:11:"placeholder";s:0:"";s:7:"prepend";s:0:"";s:6:"append";s:0:"";s:10:"formatting";s:4:"html";s:9:"maxlength";s:0:"";s:17:"conditional_logic";a:3:{s:6:"status";s:1:"0";s:5:"rules";a:1:{i:0;a:3:{s:5:"field";s:19:"field_533ee9457cec2";s:8:"operator";s:2:"==";s:5:"value";s:1:"1";}}s:8:"allorany";s:3:"all";}s:8:"order_no";i:9;}]]></wp:meta_value>
		</wp:postmeta>
		<wp:postmeta>
			<wp:meta_key>field_533ee9cf84d23</wp:meta_key>
			<wp:meta_value><![CDATA[a:14:{s:3:"key";s:19:"field_533ee9cf84d23";s:5:"label";s:18:"Sponsors 1 Heading";s:4:"name";s:9:"sponsors1";s:4:"type";s:4:"text";s:12:"instructions";s:0:"";s:8:"required";s:1:"0";s:13:"default_value";s:13:"Main Sponsors";s:11:"placeholder";s:0:"";s:7:"prepend";s:0:"";s:6:"append";s:0:"";s:10:"formatting";s:4:"html";s:9:"maxlength";s:0:"";s:17:"conditional_logic";a:3:{s:6:"status";s:1:"0";s:5:"rules";a:1:{i:0;a:3:{s:5:"field";s:19:"field_533ee9457cec2";s:8:"operator";s:2:"==";s:5:"value";s:1:"1";}}s:8:"allorany";s:3:"all";}s:8:"order_no";i:10;}]]></wp:meta_value>
		</wp:postmeta>
		<wp:postmeta>
			<wp:meta_key>field_533ef9b6a94d9</wp:meta_key>
			<wp:meta_value><![CDATA[a:13:{s:3:"key";s:19:"field_533ef9b6a94d9";s:5:"label";s:16:"Sponsors 1 Logos";s:4:"name";s:15:"sponsors1_logos";s:4:"type";s:8:"repeater";s:12:"instructions";s:24:"Logos with optional link";s:8:"required";s:1:"0";s:10:"sub_fields";a:2:{i:0;a:12:{s:3:"key";s:19:"field_533ef9b6a94da";s:5:"label";s:4:"Logo";s:4:"name";s:4:"logo";s:4:"type";s:5:"image";s:12:"instructions";s:0:"";s:8:"required";s:1:"1";s:12:"column_width";s:0:"";s:11:"save_format";s:3:"url";s:12:"preview_size";s:9:"thumbnail";s:7:"library";s:3:"all";s:17:"conditional_logic";a:3:{s:6:"status";s:1:"0";s:5:"rules";a:1:{i:0;a:3:{s:5:"field";s:19:"field_533ee9457cec2";s:8:"operator";s:2:"==";s:5:"value";s:0:"";}}s:8:"allorany";s:3:"all";}s:8:"order_no";i:0;}i:1;a:15:{s:3:"key";s:19:"field_533ef9b6a94db";s:5:"label";s:4:"Link";s:4:"name";s:4:"link";s:4:"type";s:4:"text";s:12:"instructions";s:0:"";s:8:"required";s:1:"0";s:12:"column_width";s:0:"";s:13:"default_value";s:0:"";s:11:"placeholder";s:0:"";s:7:"prepend";s:0:"";s:6:"append";s:0:"";s:10:"formatting";s:4:"none";s:9:"maxlength";s:0:"";s:17:"conditional_logic";a:3:{s:6:"status";s:1:"0";s:5:"rules";a:1:{i:0;a:3:{s:5:"field";s:19:"field_533ee9457cec2";s:8:"operator";s:2:"==";s:5:"value";s:0:"";}}s:8:"allorany";s:3:"all";}s:8:"order_no";i:1;}}s:7:"row_min";s:0:"";s:9:"row_limit";s:0:"";s:6:"layout";s:5:"table";s:12:"button_label";s:8:"Add Logo";s:17:"conditional_logic";a:3:{s:6:"status";s:1:"0";s:5:"rules";a:1:{i:0;a:3:{s:5:"field";s:19:"field_533ee9457cec2";s:8:"operator";s:2:"==";s:5:"value";s:0:"";}}s:8:"allorany";s:3:"all";}s:8:"order_no";i:11;}]]></wp:meta_value>
		</wp:postmeta>
		<wp:postmeta>
			<wp:meta_key>field_533efa19aada5</wp:meta_key>
			<wp:meta_value><![CDATA[a:14:{s:3:"key";s:19:"field_533efa19aada5";s:5:"label";s:18:"Sponsors 2 Heading";s:4:"name";s:9:"sponsors2";s:4:"type";s:4:"text";s:12:"instructions";s:0:"";s:8:"required";s:1:"0";s:13:"default_value";s:8:"Partners";s:11:"placeholder";s:0:"";s:7:"prepend";s:0:"";s:6:"append";s:0:"";s:10:"formatting";s:4:"html";s:9:"maxlength";s:0:"";s:17:"conditional_logic";a:3:{s:6:"status";s:1:"0";s:5:"rules";a:1:{i:0;a:3:{s:5:"field";s:19:"field_533ee9457cec2";s:8:"operator";s:2:"==";s:5:"value";s:1:"1";}}s:8:"allorany";s:3:"all";}s:8:"order_no";i:16;}]]></wp:meta_value>
		</wp:postmeta>
		<wp:postmeta>
			<wp:meta_key>field_533efa39aada6</wp:meta_key>
			<wp:meta_value><![CDATA[a:13:{s:3:"key";s:19:"field_533efa39aada6";s:5:"label";s:16:"Sponsors 2 Logos";s:4:"name";s:15:"sponsors2_logos";s:4:"type";s:8:"repeater";s:12:"instructions";s:24:"Logos with optional link";s:8:"required";s:1:"0";s:10:"sub_fields";a:2:{i:0;a:12:{s:3:"key";s:19:"field_533efa39aada7";s:5:"label";s:4:"Logo";s:4:"name";s:4:"logo";s:4:"type";s:5:"image";s:12:"instructions";s:0:"";s:8:"required";s:1:"1";s:12:"column_width";s:0:"";s:11:"save_format";s:3:"url";s:12:"preview_size";s:9:"thumbnail";s:7:"library";s:3:"all";s:17:"conditional_logic";a:3:{s:6:"status";s:1:"0";s:5:"rules";a:1:{i:0;a:3:{s:5:"field";s:19:"field_533ee9457cec2";s:8:"operator";s:2:"==";s:5:"value";s:0:"";}}s:8:"allorany";s:3:"all";}s:8:"order_no";i:0;}i:1;a:15:{s:3:"key";s:19:"field_533efa39aada8";s:5:"label";s:4:"Link";s:4:"name";s:4:"link";s:4:"type";s:4:"text";s:12:"instructions";s:0:"";s:8:"required";s:1:"0";s:12:"column_width";s:0:"";s:13:"default_value";s:0:"";s:11:"placeholder";s:0:"";s:7:"prepend";s:0:"";s:6:"append";s:0:"";s:10:"formatting";s:4:"none";s:9:"maxlength";s:0:"";s:17:"conditional_logic";a:3:{s:6:"status";s:1:"0";s:5:"rules";a:1:{i:0;a:3:{s:5:"field";s:19:"field_533ee9457cec2";s:8:"operator";s:2:"==";s:5:"value";s:0:"";}}s:8:"allorany";s:3:"all";}s:8:"order_no";i:1;}}s:7:"row_min";s:0:"";s:9:"row_limit";s:0:"";s:6:"layout";s:5:"table";s:12:"button_label";s:8:"Add Logo";s:17:"conditional_logic";a:3:{s:6:"status";s:1:"0";s:5:"rules";a:1:{i:0;a:3:{s:5:"field";s:19:"field_533ee9457cec2";s:8:"operator";s:2:"==";s:5:"value";s:0:"";}}s:8:"allorany";s:3:"all";}s:8:"order_no";i:17;}]]></wp:meta_value>
		</wp:postmeta>
		<wp:postmeta>
			<wp:meta_key>field_533efa4aaada9</wp:meta_key>
			<wp:meta_value><![CDATA[a:14:{s:3:"key";s:19:"field_533efa4aaada9";s:5:"label";s:18:"Sponsors 3 Heading";s:4:"name";s:9:"sponsors3";s:4:"type";s:4:"text";s:12:"instructions";s:0:"";s:8:"required";s:1:"0";s:13:"default_value";s:12:"Contributors";s:11:"placeholder";s:0:"";s:7:"prepend";s:0:"";s:6:"append";s:0:"";s:10:"formatting";s:4:"html";s:9:"maxlength";s:0:"";s:17:"conditional_logic";a:3:{s:6:"status";s:1:"0";s:5:"rules";a:1:{i:0;a:3:{s:5:"field";s:19:"field_533ee9457cec2";s:8:"operator";s:2:"==";s:5:"value";s:1:"1";}}s:8:"allorany";s:3:"all";}s:8:"order_no";i:18;}]]></wp:meta_value>
		</wp:postmeta>
		<wp:postmeta>
			<wp:meta_key>field_533efa62aadaa</wp:meta_key>
			<wp:meta_value><![CDATA[a:13:{s:3:"key";s:19:"field_533efa62aadaa";s:5:"label";s:16:"Sponsors 3 Logos";s:4:"name";s:15:"sponsors3_logos";s:4:"type";s:8:"repeater";s:12:"instructions";s:24:"Logos with optional link";s:8:"required";s:1:"0";s:10:"sub_fields";a:2:{i:0;a:12:{s:3:"key";s:19:"field_533efa62aadab";s:5:"label";s:4:"Logo";s:4:"name";s:4:"logo";s:4:"type";s:5:"image";s:12:"instructions";s:0:"";s:8:"required";s:1:"1";s:12:"column_width";s:0:"";s:11:"save_format";s:3:"url";s:12:"preview_size";s:9:"thumbnail";s:7:"library";s:3:"all";s:17:"conditional_logic";a:3:{s:6:"status";s:1:"0";s:5:"rules";a:1:{i:0;a:3:{s:5:"field";s:19:"field_533ee9457cec2";s:8:"operator";s:2:"==";s:5:"value";s:0:"";}}s:8:"allorany";s:3:"all";}s:8:"order_no";i:0;}i:1;a:15:{s:3:"key";s:19:"field_533efa62aadac";s:5:"label";s:4:"Link";s:4:"name";s:4:"link";s:4:"type";s:4:"text";s:12:"instructions";s:0:"";s:8:"required";s:1:"0";s:12:"column_width";s:0:"";s:13:"default_value";s:0:"";s:11:"placeholder";s:0:"";s:7:"prepend";s:0:"";s:6:"append";s:0:"";s:10:"formatting";s:4:"none";s:9:"maxlength";s:0:"";s:17:"conditional_logic";a:3:{s:6:"status";s:1:"0";s:5:"rules";a:1:{i:0;a:3:{s:5:"field";s:19:"field_533ee9457cec2";s:8:"operator";s:2:"==";s:5:"value";s:0:"";}}s:8:"allorany";s:3:"all";}s:8:"order_no";i:1;}}s:7:"row_min";s:0:"";s:9:"row_limit";s:0:"";s:6:"layout";s:5:"table";s:12:"button_label";s:8:"Add Logo";s:17:"conditional_logic";a:3:{s:6:"status";s:1:"0";s:5:"rules";a:1:{i:0;a:3:{s:5:"field";s:19:"field_533ee9457cec2";s:8:"operator";s:2:"==";s:5:"value";s:0:"";}}s:8:"allorany";s:3:"all";}s:8:"order_no";i:19;}]]></wp:meta_value>
		</wp:postmeta>
		<wp:postmeta>
			<wp:meta_key>field_533f00e93bbbd</wp:meta_key>
			<wp:meta_value><![CDATA[a:14:{s:3:"key";s:19:"field_533f00e93bbbd";s:5:"label";s:18:"Sponsors 4 Heading";s:4:"name";s:9:"sponsors4";s:4:"type";s:4:"text";s:12:"instructions";s:0:"";s:8:"required";s:1:"0";s:13:"default_value";s:19:"Government Agencies";s:11:"placeholder";s:0:"";s:7:"prepend";s:0:"";s:6:"append";s:0:"";s:10:"formatting";s:4:"html";s:9:"maxlength";s:0:"";s:17:"conditional_logic";a:3:{s:6:"status";s:1:"0";s:5:"rules";a:1:{i:0;a:3:{s:5:"field";s:19:"field_533ee9457cec2";s:8:"operator";s:2:"==";s:5:"value";s:1:"1";}}s:8:"allorany";s:3:"all";}s:8:"order_no";i:20;}]]></wp:meta_value>
		</wp:postmeta>
		<wp:postmeta>
			<wp:meta_key>field_533f017d3bbbe</wp:meta_key>
			<wp:meta_value><![CDATA[a:13:{s:3:"key";s:19:"field_533f017d3bbbe";s:5:"label";s:17:"Sponsors 4 Labels";s:4:"name";s:16:"sponsors4_labels";s:4:"type";s:8:"repeater";s:12:"instructions";s:45:"These get text instead of logo, link optional";s:8:"required";s:1:"0";s:10:"sub_fields";a:2:{i:0;a:15:{s:3:"key";s:19:"field_533f03fc3bbbf";s:5:"label";s:4:"Name";s:4:"name";s:4:"name";s:4:"type";s:4:"text";s:12:"instructions";s:0:"";s:8:"required";s:1:"1";s:12:"column_width";s:0:"";s:13:"default_value";s:0:"";s:11:"placeholder";s:0:"";s:7:"prepend";s:0:"";s:6:"append";s:0:"";s:10:"formatting";s:4:"none";s:9:"maxlength";s:0:"";s:17:"conditional_logic";a:3:{s:6:"status";s:1:"0";s:5:"rules";a:1:{i:0;a:3:{s:5:"field";s:19:"field_533ee9457cec2";s:8:"operator";s:2:"==";s:5:"value";s:0:"";}}s:8:"allorany";s:3:"all";}s:8:"order_no";i:0;}i:1;a:15:{s:3:"key";s:19:"field_533f04073bbc0";s:5:"label";s:4:"Link";s:4:"name";s:4:"link";s:4:"type";s:4:"text";s:12:"instructions";s:0:"";s:8:"required";s:1:"0";s:12:"column_width";s:0:"";s:13:"default_value";s:0:"";s:11:"placeholder";s:0:"";s:7:"prepend";s:0:"";s:6:"append";s:0:"";s:10:"formatting";s:4:"none";s:9:"maxlength";s:0:"";s:17:"conditional_logic";a:3:{s:6:"status";s:1:"0";s:5:"rules";a:1:{i:0;a:3:{s:5:"field";s:19:"field_533ee9457cec2";s:8:"operator";s:2:"==";s:5:"value";s:0:"";}}s:8:"allorany";s:3:"all";}s:8:"order_no";i:1;}}s:7:"row_min";s:0:"";s:9:"row_limit";s:0:"";s:6:"layout";s:5:"table";s:12:"button_label";s:7:"Add Row";s:17:"conditional_logic";a:3:{s:6:"status";s:1:"0";s:5:"rules";a:1:{i:0;a:3:{s:5:"field";s:19:"field_533ee9457cec2";s:8:"operator";s:2:"==";s:5:"value";s:1:"1";}}s:8:"allorany";s:3:"all";}s:8:"order_no";i:21;}]]></wp:meta_value>
		</wp:postmeta>
		<wp:postmeta>
			<wp:meta_key>field_533f0430771bb</wp:meta_key>
			<wp:meta_value><![CDATA[a:13:{s:3:"key";s:19:"field_533f0430771bb";s:5:"label";s:12:"Hero Buttons";s:4:"name";s:12:"hero_buttons";s:4:"type";s:8:"repeater";s:12:"instructions";s:48:"1-2 buttons for calls to action in the hero area";s:8:"required";s:1:"0";s:10:"sub_fields";a:3:{i:0;a:15:{s:3:"key";s:19:"field_533f046a771bc";s:5:"label";s:5:"Label";s:4:"name";s:5:"label";s:4:"type";s:4:"text";s:12:"instructions";s:0:"";s:8:"required";s:1:"1";s:12:"column_width";s:0:"";s:13:"default_value";s:0:"";s:11:"placeholder";s:0:"";s:7:"prepend";s:0:"";s:6:"append";s:0:"";s:10:"formatting";s:4:"none";s:9:"maxlength";s:0:"";s:17:"conditional_logic";a:3:{s:6:"status";s:1:"0";s:5:"rules";a:1:{i:0;a:3:{s:5:"field";s:19:"field_533ee9457cec2";s:8:"operator";s:2:"==";s:5:"value";s:0:"";}}s:8:"allorany";s:3:"all";}s:8:"order_no";i:0;}i:1;a:15:{s:3:"key";s:19:"field_533f047b771bd";s:5:"label";s:4:"Link";s:4:"name";s:4:"link";s:4:"type";s:4:"text";s:12:"instructions";s:0:"";s:8:"required";s:1:"1";s:12:"column_width";s:0:"";s:13:"default_value";s:0:"";s:11:"placeholder";s:0:"";s:7:"prepend";s:0:"";s:6:"append";s:0:"";s:10:"formatting";s:4:"html";s:9:"maxlength";s:0:"";s:17:"conditional_logic";a:3:{s:6:"status";s:1:"0";s:5:"rules";a:1:{i:0;a:3:{s:5:"field";s:19:"field_533ee9457cec2";s:8:"operator";s:2:"==";s:5:"value";s:0:"";}}s:8:"allorany";s:3:"all";}s:8:"order_no";i:1;}i:2;a:12:{s:3:"key";s:19:"field_533f1b093d047";s:5:"label";s:7:"Primary";s:4:"name";s:7:"primary";s:4:"type";s:8:"checkbox";s:12:"instructions";s:28:"Check to change button style";s:8:"required";s:1:"0";s:12:"column_width";s:0:"";s:7:"choices";a:1:{i:1;s:3:"Yes";}s:13:"default_value";s:0:"";s:6:"layout";s:8:"vertical";s:17:"conditional_logic";a:3:{s:6:"status";s:1:"0";s:5:"rules";a:1:{i:0;a:3:{s:5:"field";s:19:"field_533ee9457cec2";s:8:"operator";s:2:"==";s:5:"value";s:1:"1";}}s:8:"allorany";s:3:"all";}s:8:"order_no";i:2;}}s:7:"row_min";s:0:"";s:9:"row_limit";s:1:"2";s:6:"layout";s:5:"table";s:12:"button_label";s:10:"Add Button";s:17:"conditional_logic";a:3:{s:6:"status";s:1:"0";s:5:"rules";a:1:{i:0;a:3:{s:5:"field";s:19:"field_533ee9457cec2";s:8:"operator";s:2:"==";s:5:"value";s:1:"1";}}s:8:"allorany";s:3:"all";}s:8:"order_no";i:2;}]]></wp:meta_value>
		</wp:postmeta>
		<wp:postmeta>
			<wp:meta_key>field_534738256030d</wp:meta_key>
			<wp:meta_value><![CDATA[a:11:{s:3:"key";s:19:"field_534738256030d";s:5:"label";s:18:"Title Sponsor Logo";s:4:"name";s:18:"title_sponsor_logo";s:4:"type";s:5:"image";s:12:"instructions";s:33:"Shown in the header of all pages.";s:8:"required";s:1:"0";s:11:"save_format";s:3:"url";s:12:"preview_size";s:4:"full";s:7:"library";s:3:"all";s:17:"conditional_logic";a:3:{s:6:"status";s:1:"0";s:5:"rules";a:1:{i:0;a:3:{s:5:"field";s:19:"field_533ee9457cec2";s:8:"operator";s:2:"==";s:5:"value";s:1:"1";}}s:8:"allorany";s:3:"all";}s:8:"order_no";i:8;}]]></wp:meta_value>
		</wp:postmeta>
		<wp:postmeta>
			<wp:meta_key>field_53613754837b3</wp:meta_key>
			<wp:meta_value><![CDATA[a:14:{s:3:"key";s:19:"field_53613754837b3";s:5:"label";s:19:"Sponsors 1b Heading";s:4:"name";s:19:"sponsors_1b_heading";s:4:"type";s:4:"text";s:12:"instructions";s:0:"";s:8:"required";s:1:"0";s:13:"default_value";s:30:"Challenge <span>Sponsor</span>";s:11:"placeholder";s:0:"";s:7:"prepend";s:0:"";s:6:"append";s:0:"";s:10:"formatting";s:4:"html";s:9:"maxlength";s:0:"";s:17:"conditional_logic";a:3:{s:6:"status";s:1:"0";s:5:"rules";a:1:{i:0;a:3:{s:5:"field";s:19:"field_533ee9457cec2";s:8:"operator";s:2:"==";s:5:"value";s:1:"1";}}s:8:"allorany";s:3:"all";}s:8:"order_no";i:12;}]]></wp:meta_value>
		</wp:postmeta>
		<wp:postmeta>
			<wp:meta_key>field_5361375a837b4</wp:meta_key>
			<wp:meta_value><![CDATA[a:13:{s:3:"key";s:19:"field_5361375a837b4";s:5:"label";s:17:"Sponsors 1b Logos";s:4:"name";s:17:"sponsors_1b_logos";s:4:"type";s:8:"repeater";s:12:"instructions";s:24:"Logos with optional link";s:8:"required";s:1:"0";s:10:"sub_fields";a:2:{i:0;a:12:{s:3:"key";s:19:"field_5361375a837b5";s:5:"label";s:4:"Logo";s:4:"name";s:4:"logo";s:4:"type";s:5:"image";s:12:"instructions";s:0:"";s:8:"required";s:1:"1";s:12:"column_width";s:0:"";s:11:"save_format";s:3:"url";s:12:"preview_size";s:9:"thumbnail";s:7:"library";s:3:"all";s:17:"conditional_logic";a:3:{s:6:"status";s:1:"0";s:5:"rules";a:1:{i:0;a:3:{s:5:"field";s:19:"field_533ee9457cec2";s:8:"operator";s:2:"==";s:5:"value";s:0:"";}}s:8:"allorany";s:3:"all";}s:8:"order_no";i:0;}i:1;a:15:{s:3:"key";s:19:"field_5361375a837b6";s:5:"label";s:4:"Link";s:4:"name";s:4:"link";s:4:"type";s:4:"text";s:12:"instructions";s:0:"";s:8:"required";s:1:"0";s:12:"column_width";s:0:"";s:13:"default_value";s:0:"";s:11:"placeholder";s:0:"";s:7:"prepend";s:0:"";s:6:"append";s:0:"";s:10:"formatting";s:4:"none";s:9:"maxlength";s:0:"";s:17:"conditional_logic";a:3:{s:6:"status";s:1:"0";s:5:"rules";a:1:{i:0;a:3:{s:5:"field";s:19:"field_533ee9457cec2";s:8:"operator";s:2:"==";s:5:"value";s:0:"";}}s:8:"allorany";s:3:"all";}s:8:"order_no";i:1;}}s:7:"row_min";s:0:"";s:9:"row_limit";s:0:"";s:6:"layout";s:5:"table";s:12:"button_label";s:8:"Add Logo";s:17:"conditional_logic";a:3:{s:6:"status";s:1:"0";s:5:"rules";a:1:{i:0;a:3:{s:5:"field";s:19:"field_533ee9457cec2";s:8:"operator";s:2:"==";s:5:"value";s:1:"1";}}s:8:"allorany";s:3:"all";}s:8:"order_no";i:13;}]]></wp:meta_value>
		</wp:postmeta>
		<wp:postmeta>
			<wp:meta_key>field_53613767837b7</wp:meta_key>
			<wp:meta_value><![CDATA[a:14:{s:3:"key";s:19:"field_53613767837b7";s:5:"label";s:19:"Sponsors 1c Heading";s:4:"name";s:19:"sponsors_1c_heading";s:4:"type";s:4:"text";s:12:"instructions";s:0:"";s:8:"required";s:1:"0";s:13:"default_value";s:32:"Supporting <span>Sponsors</span>";s:11:"placeholder";s:0:"";s:7:"prepend";s:0:"";s:6:"append";s:0:"";s:10:"formatting";s:4:"html";s:9:"maxlength";s:0:"";s:17:"conditional_logic";a:3:{s:6:"status";s:1:"0";s:5:"rules";a:1:{i:0;a:3:{s:5:"field";s:19:"field_533ee9457cec2";s:8:"operator";s:2:"==";s:5:"value";s:1:"1";}}s:8:"allorany";s:3:"all";}s:8:"order_no";i:14;}]]></wp:meta_value>
		</wp:postmeta>
		<wp:postmeta>
			<wp:meta_key>field_5361376c837b8</wp:meta_key>
			<wp:meta_value><![CDATA[a:13:{s:3:"key";s:19:"field_5361376c837b8";s:5:"label";s:17:"Sponsors 1c Logos";s:4:"name";s:17:"sponsors_1c_logos";s:4:"type";s:8:"repeater";s:12:"instructions";s:24:"Logos with optional link";s:8:"required";s:1:"0";s:10:"sub_fields";a:2:{i:0;a:12:{s:3:"key";s:19:"field_5361376c837b9";s:5:"label";s:4:"Logo";s:4:"name";s:4:"logo";s:4:"type";s:5:"image";s:12:"instructions";s:0:"";s:8:"required";s:1:"1";s:12:"column_width";s:0:"";s:11:"save_format";s:3:"url";s:12:"preview_size";s:9:"thumbnail";s:7:"library";s:3:"all";s:17:"conditional_logic";a:3:{s:6:"status";s:1:"0";s:5:"rules";a:1:{i:0;a:3:{s:5:"field";s:19:"field_533ee9457cec2";s:8:"operator";s:2:"==";s:5:"value";s:0:"";}}s:8:"allorany";s:3:"all";}s:8:"order_no";i:0;}i:1;a:15:{s:3:"key";s:19:"field_5361376c837ba";s:5:"label";s:4:"Link";s:4:"name";s:4:"link";s:4:"type";s:4:"text";s:12:"instructions";s:0:"";s:8:"required";s:1:"0";s:12:"column_width";s:0:"";s:13:"default_value";s:0:"";s:11:"placeholder";s:0:"";s:7:"prepend";s:0:"";s:6:"append";s:0:"";s:10:"formatting";s:4:"none";s:9:"maxlength";s:0:"";s:17:"conditional_logic";a:3:{s:6:"status";s:1:"0";s:5:"rules";a:1:{i:0;a:3:{s:5:"field";s:19:"field_533ee9457cec2";s:8:"operator";s:2:"==";s:5:"value";s:0:"";}}s:8:"allorany";s:3:"all";}s:8:"order_no";i:1;}}s:7:"row_min";s:0:"";s:9:"row_limit";s:0:"";s:6:"layout";s:5:"table";s:12:"button_label";s:8:"Add Logo";s:17:"conditional_logic";a:3:{s:6:"status";s:1:"0";s:5:"rules";a:1:{i:0;a:3:{s:5:"field";s:19:"field_533ee9457cec2";s:8:"operator";s:2:"==";s:5:"value";s:1:"1";}}s:8:"allorany";s:3:"all";}s:8:"order_no";i:15;}]]></wp:meta_value>
		</wp:postmeta>
		<wp:postmeta>
			<wp:meta_key>rule</wp:meta_key>
			<wp:meta_value><![CDATA[a:5:{s:5:"param";s:4:"page";s:8:"operator";s:2:"==";s:5:"value";s:1:"5";s:8:"order_no";i:0;s:8:"group_no";i:0;}]]></wp:meta_value>
		</wp:postmeta>
	</item>
	<item>
		<title>Event</title>
		<link>http://localhost:8888/phuse/ndoch/?acf=acf_event</link>
		<pubDate>Thu, 17 Apr 2014 17:04:00 +0000</pubDate>
		<dc:creator>ndoch@dmin</dc:creator>
		<guid isPermaLink="false">http://localhost:8888/phuse/ndoch/?post_type=acf&#038;p=76</guid>
		<wp:post_id>76</wp:post_id>
		<wp:post_date>2014-04-17 17:04:00</wp:post_date>
		<wp:post_date_gmt>2014-04-17 17:04:00</wp:post_date_gmt>
		<wp:comment_status>closed</wp:comment_status>
		<wp:ping_status>closed</wp:ping_status>
		<wp:post_name>acf_event</wp:post_name>
		<wp:status>publish</wp:status>
		<wp:post_parent>0</wp:post_parent>
		<wp:menu_order>0</wp:menu_order>
		<wp:post_type>acf</wp:post_type>
		<wp:post_password></wp:post_password>
		<wp:postmeta>
			<wp:meta_key>_edit_last</wp:meta_key>
			<wp:meta_value><![CDATA[1]]></wp:meta_value>
		</wp:postmeta>
		<wp:postmeta>
			<wp:meta_key>position</wp:meta_key>
			<wp:meta_value><![CDATA[normal]]></wp:meta_value>
		</wp:postmeta>
		<wp:postmeta>
			<wp:meta_key>layout</wp:meta_key>
			<wp:meta_value><![CDATA[default]]></wp:meta_value>
		</wp:postmeta>
		<wp:postmeta>
			<wp:meta_key>hide_on_screen</wp:meta_key>
			<wp:meta_value><![CDATA[]]></wp:meta_value>
		</wp:postmeta>
		<wp:postmeta>
			<wp:meta_key>field_5357f3840a3bf</wp:meta_key>
			<wp:meta_value><![CDATA[a:14:{s:3:"key";s:19:"field_5357f3840a3bf";s:5:"label";s:10:"Venue Name";s:4:"name";s:10:"venue_name";s:4:"type";s:4:"text";s:12:"instructions";s:0:"";s:8:"required";s:1:"0";s:13:"default_value";s:0:"";s:11:"placeholder";s:0:"";s:7:"prepend";s:0:"";s:6:"append";s:0:"";s:10:"formatting";s:4:"none";s:9:"maxlength";s:0:"";s:17:"conditional_logic";a:3:{s:6:"status";s:1:"0";s:5:"rules";a:1:{i:0;a:3:{s:5:"field";s:4:"null";s:8:"operator";s:2:"==";s:5:"value";s:0:"";}}s:8:"allorany";s:3:"all";}s:8:"order_no";i:0;}]]></wp:meta_value>
		</wp:postmeta>
		<wp:postmeta>
			<wp:meta_key>field_5357f6c061a13</wp:meta_key>
			<wp:meta_value><![CDATA[a:12:{s:3:"key";s:19:"field_5357f6c061a13";s:5:"label";s:9:"Venue Map";s:4:"name";s:9:"venue_map";s:4:"type";s:10:"google_map";s:12:"instructions";s:64:"Use this to place a marker if your map on the site is inaccurate";s:8:"required";s:1:"0";s:10:"center_lat";s:5:"39.65";s:10:"center_lng";s:7:"-100.15";s:4:"zoom";s:1:"3";s:6:"height";s:0:"";s:17:"conditional_logic";a:3:{s:6:"status";s:1:"0";s:5:"rules";a:1:{i:0;a:3:{s:5:"field";s:19:"field_53580e6757593";s:8:"operator";s:2:"==";s:5:"value";s:1:"1";}}s:8:"allorany";s:3:"all";}s:8:"order_no";i:4;}]]></wp:meta_value>
		</wp:postmeta>
		<wp:postmeta>
			<wp:meta_key>field_53580a2477fef</wp:meta_key>
			<wp:meta_value><![CDATA[a:14:{s:3:"key";s:19:"field_53580a2477fef";s:5:"label";s:13:"Venue Address";s:4:"name";s:13:"venue_address";s:4:"type";s:4:"text";s:12:"instructions";s:0:"";s:8:"required";s:1:"0";s:13:"default_value";s:0:"";s:11:"placeholder";s:0:"";s:7:"prepend";s:0:"";s:6:"append";s:0:"";s:10:"formatting";s:4:"none";s:9:"maxlength";s:0:"";s:17:"conditional_logic";a:3:{s:6:"status";s:1:"0";s:5:"rules";a:1:{i:0;a:3:{s:5:"field";s:4:"null";s:8:"operator";s:2:"==";s:5:"value";s:0:"";}}s:8:"allorany";s:3:"all";}s:8:"order_no";i:1;}]]></wp:meta_value>
		</wp:postmeta>
		<wp:postmeta>
			<wp:meta_key>field_53580b0977ff0</wp:meta_key>
			<wp:meta_value><![CDATA[a:14:{s:3:"key";s:19:"field_53580b0977ff0";s:5:"label";s:20:"Venue Address Line 2";s:4:"name";s:14:"venue_address2";s:4:"type";s:4:"text";s:12:"instructions";s:8:"Optional";s:8:"required";s:1:"0";s:13:"default_value";s:0:"";s:11:"placeholder";s:0:"";s:7:"prepend";s:0:"";s:6:"append";s:0:"";s:10:"formatting";s:4:"none";s:9:"maxlength";s:0:"";s:17:"conditional_logic";a:3:{s:6:"status";s:1:"0";s:5:"rules";a:1:{i:0;a:3:{s:5:"field";s:4:"null";s:8:"operator";s:2:"==";s:5:"value";s:0:"";}}s:8:"allorany";s:3:"all";}s:8:"order_no";i:2;}]]></wp:meta_value>
		</wp:postmeta>
		<wp:postmeta>
			<wp:meta_key>field_53580b1b77ff1</wp:meta_key>
			<wp:meta_value><![CDATA[a:14:{s:3:"key";s:19:"field_53580b1b77ff1";s:5:"label";s:23:"Venue ZIP / Postal Code";s:4:"name";s:9:"venue_zip";s:4:"type";s:4:"text";s:12:"instructions";s:0:"";s:8:"required";s:1:"0";s:13:"default_value";s:0:"";s:11:"placeholder";s:0:"";s:7:"prepend";s:0:"";s:6:"append";s:0:"";s:10:"formatting";s:4:"none";s:9:"maxlength";s:0:"";s:17:"conditional_logic";a:3:{s:6:"status";s:1:"0";s:5:"rules";a:1:{i:0;a:3:{s:5:"field";s:4:"null";s:8:"operator";s:2:"==";s:5:"value";s:0:"";}}s:8:"allorany";s:3:"all";}s:8:"order_no";i:3;}]]></wp:meta_value>
		</wp:postmeta>
		<wp:postmeta>
			<wp:meta_key>field_53580babd4ac6</wp:meta_key>
			<wp:meta_value><![CDATA[a:14:{s:3:"key";s:19:"field_53580babd4ac6";s:5:"label";s:16:"Registration URL";s:4:"name";s:16:"registration_url";s:4:"type";s:4:"text";s:12:"instructions";s:43:"URL where people can register for the event";s:8:"required";s:1:"0";s:13:"default_value";s:0:"";s:11:"placeholder";s:0:"";s:7:"prepend";s:0:"";s:6:"append";s:0:"";s:10:"formatting";s:4:"none";s:9:"maxlength";s:0:"";s:17:"conditional_logic";a:3:{s:6:"status";s:1:"0";s:5:"rules";a:1:{i:0;a:3:{s:5:"field";s:4:"null";s:8:"operator";s:2:"==";s:5:"value";s:0:"";}}s:8:"allorany";s:3:"all";}s:8:"order_no";i:5;}]]></wp:meta_value>
		</wp:postmeta>
		<wp:postmeta>
			<wp:meta_key>field_53580bddd4ac7</wp:meta_key>
			<wp:meta_value><![CDATA[a:14:{s:3:"key";s:19:"field_53580bddd4ac7";s:5:"label";s:14:"Event Site URL";s:4:"name";s:14:"event_site_url";s:4:"type";s:4:"text";s:12:"instructions";s:50:"Optional URL to an external website for your event";s:8:"required";s:1:"0";s:13:"default_value";s:0:"";s:11:"placeholder";s:0:"";s:7:"prepend";s:0:"";s:6:"append";s:0:"";s:10:"formatting";s:4:"html";s:9:"maxlength";s:0:"";s:17:"conditional_logic";a:3:{s:6:"status";s:1:"0";s:5:"rules";a:1:{i:0;a:3:{s:5:"field";s:4:"null";s:8:"operator";s:2:"==";s:5:"value";s:0:"";}}s:8:"allorany";s:3:"all";}s:8:"order_no";i:6;}]]></wp:meta_value>
		</wp:postmeta>
		<wp:postmeta>
			<wp:meta_key>field_53580c5fd4ac8</wp:meta_key>
			<wp:meta_value><![CDATA[a:11:{s:3:"key";s:19:"field_53580c5fd4ac8";s:5:"label";s:10:"Start Date";s:4:"name";s:10:"start_date";s:4:"type";s:11:"date_picker";s:12:"instructions";s:0:"";s:8:"required";s:1:"0";s:11:"date_format";s:6:"yymmdd";s:14:"display_format";s:8:"dd/mm/yy";s:9:"first_day";s:1:"0";s:17:"conditional_logic";a:3:{s:6:"status";s:1:"0";s:5:"rules";a:1:{i:0;a:3:{s:5:"field";s:4:"null";s:8:"operator";s:2:"==";s:5:"value";s:0:"";}}s:8:"allorany";s:3:"all";}s:8:"order_no";i:7;}]]></wp:meta_value>
		</wp:postmeta>
		<wp:postmeta>
			<wp:meta_key>field_53580c7ed4ac9</wp:meta_key>
			<wp:meta_value><![CDATA[a:11:{s:3:"key";s:19:"field_53580c7ed4ac9";s:5:"label";s:8:"End Date";s:4:"name";s:8:"end_date";s:4:"type";s:11:"date_picker";s:12:"instructions";s:32:"Leave blank for single day event";s:8:"required";s:1:"0";s:11:"date_format";s:6:"yymmdd";s:14:"display_format";s:8:"dd/mm/yy";s:9:"first_day";s:1:"1";s:17:"conditional_logic";a:3:{s:6:"status";s:1:"0";s:5:"rules";a:1:{i:0;a:3:{s:5:"field";s:4:"null";s:8:"operator";s:2:"==";s:5:"value";s:0:"";}}s:8:"allorany";s:3:"all";}s:8:"order_no";i:9;}]]></wp:meta_value>
		</wp:postmeta>
		<wp:postmeta>
			<wp:meta_key>field_53580d0a1411f</wp:meta_key>
			<wp:meta_value><![CDATA[a:14:{s:3:"key";s:19:"field_53580d0a1411f";s:5:"label";s:17:"Start Day Time(s)";s:4:"name";s:10:"start_time";s:4:"type";s:4:"text";s:12:"instructions";s:0:"";s:8:"required";s:1:"0";s:13:"default_value";s:0:"";s:11:"placeholder";s:0:"";s:7:"prepend";s:0:"";s:6:"append";s:0:"";s:10:"formatting";s:4:"none";s:9:"maxlength";s:0:"";s:17:"conditional_logic";a:3:{s:6:"status";s:1:"0";s:5:"rules";a:1:{i:0;a:3:{s:5:"field";s:4:"null";s:8:"operator";s:2:"==";s:5:"value";s:0:"";}}s:8:"allorany";s:3:"all";}s:8:"order_no";i:8;}]]></wp:meta_value>
		</wp:postmeta>
		<wp:postmeta>
			<wp:meta_key>field_53580d7214120</wp:meta_key>
			<wp:meta_value><![CDATA[a:14:{s:3:"key";s:19:"field_53580d7214120";s:5:"label";s:15:"End Day Time(s)";s:4:"name";s:8:"end_time";s:4:"type";s:4:"text";s:12:"instructions";s:0:"";s:8:"required";s:1:"0";s:13:"default_value";s:0:"";s:11:"placeholder";s:0:"";s:7:"prepend";s:0:"";s:6:"append";s:0:"";s:10:"formatting";s:4:"none";s:9:"maxlength";s:0:"";s:17:"conditional_logic";a:3:{s:6:"status";s:1:"0";s:5:"rules";a:1:{i:0;a:3:{s:5:"field";s:4:"null";s:8:"operator";s:2:"==";s:5:"value";s:0:"";}}s:8:"allorany";s:3:"all";}s:8:"order_no";i:10;}]]></wp:meta_value>
		</wp:postmeta>
		<wp:postmeta>
			<wp:meta_key>field_53580dc014121</wp:meta_key>
			<wp:meta_value><![CDATA[a:11:{s:3:"key";s:19:"field_53580dc014121";s:5:"label";s:17:"Main Sponsor Logo";s:4:"name";s:17:"main_sponsor_logo";s:4:"type";s:5:"image";s:12:"instructions";s:0:"";s:8:"required";s:1:"0";s:11:"save_format";s:6:"object";s:12:"preview_size";s:9:"thumbnail";s:7:"library";s:10:"uploadedTo";s:17:"conditional_logic";a:3:{s:6:"status";s:1:"0";s:5:"rules";a:1:{i:0;a:3:{s:5:"field";s:4:"null";s:8:"operator";s:2:"==";s:5:"value";s:0:"";}}s:8:"allorany";s:3:"all";}s:8:"order_no";i:11;}]]></wp:meta_value>
		</wp:postmeta>
		<wp:postmeta>
			<wp:meta_key>field_53580df314122</wp:meta_key>
			<wp:meta_value><![CDATA[a:14:{s:3:"key";s:19:"field_53580df314122";s:5:"label";s:16:"Main Sponsor URL";s:4:"name";s:16:"main_sponsor_url";s:4:"type";s:4:"text";s:12:"instructions";s:0:"";s:8:"required";s:1:"0";s:13:"default_value";s:0:"";s:11:"placeholder";s:0:"";s:7:"prepend";s:0:"";s:6:"append";s:0:"";s:10:"formatting";s:4:"none";s:9:"maxlength";s:0:"";s:17:"conditional_logic";a:3:{s:6:"status";s:1:"0";s:5:"rules";a:1:{i:0;a:3:{s:5:"field";s:4:"null";s:8:"operator";s:2:"==";s:5:"value";s:0:"";}}s:8:"allorany";s:3:"all";}s:8:"order_no";i:12;}]]></wp:meta_value>
		</wp:postmeta>
		<wp:postmeta>
			<wp:meta_key>field_53580e1914123</wp:meta_key>
			<wp:meta_value><![CDATA[a:13:{s:3:"key";s:19:"field_53580e1914123";s:5:"label";s:19:"Sponsors & Partners";s:4:"name";s:8:"sponsors";s:4:"type";s:8:"repeater";s:12:"instructions";s:0:"";s:8:"required";s:1:"0";s:10:"sub_fields";a:2:{i:0;a:12:{s:3:"key";s:19:"field_53580e3014124";s:5:"label";s:4:"Logo";s:4:"name";s:4:"logo";s:4:"type";s:5:"image";s:12:"instructions";s:0:"";s:8:"required";s:1:"1";s:12:"column_width";s:0:"";s:11:"save_format";s:6:"object";s:12:"preview_size";s:9:"thumbnail";s:7:"library";s:10:"uploadedTo";s:17:"conditional_logic";a:3:{s:6:"status";s:1:"0";s:5:"rules";a:1:{i:0;a:3:{s:5:"field";s:19:"field_53580e6757593";s:8:"operator";s:2:"==";s:5:"value";s:1:"1";}}s:8:"allorany";s:3:"all";}s:8:"order_no";i:0;}i:1;a:15:{s:3:"key";s:19:"field_53580e4214125";s:5:"label";s:3:"URL";s:4:"name";s:3:"url";s:4:"type";s:4:"text";s:12:"instructions";s:0:"";s:8:"required";s:1:"0";s:12:"column_width";s:0:"";s:13:"default_value";s:0:"";s:11:"placeholder";s:0:"";s:7:"prepend";s:0:"";s:6:"append";s:0:"";s:10:"formatting";s:4:"none";s:9:"maxlength";s:0:"";s:17:"conditional_logic";a:3:{s:6:"status";s:1:"0";s:5:"rules";a:1:{i:0;a:3:{s:5:"field";s:4:"null";s:8:"operator";s:2:"==";s:5:"value";s:0:"";}}s:8:"allorany";s:3:"all";}s:8:"order_no";i:1;}}s:7:"row_min";s:0:"";s:9:"row_limit";s:0:"";s:6:"layout";s:5:"table";s:12:"button_label";s:7:"Add Row";s:17:"conditional_logic";a:3:{s:6:"status";s:1:"0";s:5:"rules";a:1:{i:0;a:3:{s:5:"field";s:19:"field_53580e6757593";s:8:"operator";s:2:"==";s:5:"value";s:1:"1";}}s:8:"allorany";s:3:"all";}s:8:"order_no";i:13;}]]></wp:meta_value>
		</wp:postmeta>
		<wp:postmeta>
			<wp:meta_key>field_53580e6757593</wp:meta_key>
			<wp:meta_value><![CDATA[a:11:{s:3:"key";s:19:"field_53580e6757593";s:5:"label";s:16:"Show Organizers?";s:4:"name";s:15:"show_organizers";s:4:"type";s:8:"checkbox";s:12:"instructions";s:0:"";s:8:"required";s:1:"0";s:7:"choices";a:1:{i:1;s:3:"Yes";}s:13:"default_value";s:1:"1";s:6:"layout";s:10:"horizontal";s:17:"conditional_logic";a:3:{s:6:"status";s:1:"0";s:5:"rules";a:1:{i:0;a:3:{s:5:"field";s:4:"null";s:8:"operator";s:2:"==";s:5:"value";s:0:"";}}s:8:"allorany";s:3:"all";}s:8:"order_no";i:14;}]]></wp:meta_value>
		</wp:postmeta>
		<wp:postmeta>
			<wp:meta_key>rule</wp:meta_key>
			<wp:meta_value><![CDATA[a:5:{s:5:"param";s:9:"post_type";s:8:"operator";s:2:"==";s:5:"value";s:5:"event";s:8:"order_no";i:0;s:8:"group_no";i:0;}]]></wp:meta_value>
		</wp:postmeta>
	</item>
	<item>
		<title>About</title>
		<link>http://localhost:8888/phuse/ndoch/?acf=acf_about</link>
		<pubDate>Thu, 17 Apr 2014 19:58:59 +0000</pubDate>
		<dc:creator>ndoch@dmin</dc:creator>
		<guid isPermaLink="false">http://localhost:8888/phuse/ndoch/?post_type=acf&#038;p=86</guid>
		<wp:post_id>86</wp:post_id>
		<wp:post_date>2014-04-17 19:58:59</wp:post_date>
		<wp:post_date_gmt>2014-04-17 19:58:59</wp:post_date_gmt>
		<wp:comment_status>closed</wp:comment_status>
		<wp:ping_status>closed</wp:ping_status>
		<wp:post_name>acf_about</wp:post_name>
		<wp:status>publish</wp:status>
		<wp:post_parent>0</wp:post_parent>
		<wp:menu_order>0</wp:menu_order>
		<wp:post_type>acf</wp:post_type>
		<wp:post_password></wp:post_password>
		<wp:postmeta>
			<wp:meta_key>_edit_last</wp:meta_key>
			<wp:meta_value><![CDATA[1]]></wp:meta_value>
		</wp:postmeta>
		<wp:postmeta>
			<wp:meta_key>field_5350324dab631</wp:meta_key>
			<wp:meta_value><![CDATA[a:11:{s:3:"key";s:19:"field_5350324dab631";s:5:"label";s:14:"Section2 Image";s:4:"name";s:14:"section2_image";s:4:"type";s:5:"image";s:12:"instructions";s:0:"";s:8:"required";s:1:"0";s:11:"save_format";s:3:"url";s:12:"preview_size";s:9:"thumbnail";s:7:"library";s:3:"all";s:17:"conditional_logic";a:3:{s:6:"status";s:1:"0";s:5:"rules";a:1:{i:0;a:3:{s:5:"field";s:4:"null";s:8:"operator";s:2:"==";s:5:"value";s:0:"";}}s:8:"allorany";s:3:"all";}s:8:"order_no";i:0;}]]></wp:meta_value>
		</wp:postmeta>
		<wp:postmeta>
			<wp:meta_key>field_5350326cab632</wp:meta_key>
			<wp:meta_value><![CDATA[a:11:{s:3:"key";s:19:"field_5350326cab632";s:5:"label";s:16:"Section2 Content";s:4:"name";s:16:"section2_content";s:4:"type";s:7:"wysiwyg";s:12:"instructions";s:0:"";s:8:"required";s:1:"0";s:13:"default_value";s:0:"";s:7:"toolbar";s:4:"full";s:12:"media_upload";s:2:"no";s:17:"conditional_logic";a:3:{s:6:"status";s:1:"0";s:5:"rules";a:1:{i:0;a:3:{s:5:"field";s:4:"null";s:8:"operator";s:2:"==";s:5:"value";s:0:"";}}s:8:"allorany";s:3:"all";}s:8:"order_no";i:1;}]]></wp:meta_value>
		</wp:postmeta>
		<wp:postmeta>
			<wp:meta_key>position</wp:meta_key>
			<wp:meta_value><![CDATA[normal]]></wp:meta_value>
		</wp:postmeta>
		<wp:postmeta>
			<wp:meta_key>layout</wp:meta_key>
			<wp:meta_value><![CDATA[default]]></wp:meta_value>
		</wp:postmeta>
		<wp:postmeta>
			<wp:meta_key>hide_on_screen</wp:meta_key>
			<wp:meta_value><![CDATA[]]></wp:meta_value>
		</wp:postmeta>
		<wp:postmeta>
			<wp:meta_key>rule</wp:meta_key>
			<wp:meta_value><![CDATA[a:5:{s:5:"param";s:13:"page_template";s:8:"operator";s:2:"==";s:5:"value";s:18:"template-about.php";s:8:"order_no";i:0;s:8:"group_no";i:0;}]]></wp:meta_value>
		</wp:postmeta>
	</item>
	<item>
		<title>FAQ</title>
		<link>http://localhost:8888/phuse/ndoch/?acf=acf_faq</link>
		<pubDate>Thu, 17 Apr 2014 20:54:34 +0000</pubDate>
		<dc:creator>ndoch@dmin</dc:creator>
		<guid isPermaLink="false">http://localhost:8888/phuse/ndoch/?post_type=acf&#038;p=91</guid>
		<wp:post_id>91</wp:post_id>
		<wp:post_date>2014-04-17 20:54:34</wp:post_date>
		<wp:post_date_gmt>2014-04-17 20:54:34</wp:post_date_gmt>
		<wp:comment_status>closed</wp:comment_status>
		<wp:ping_status>closed</wp:ping_status>
		<wp:post_name>acf_faq</wp:post_name>
		<wp:status>publish</wp:status>
		<wp:post_parent>0</wp:post_parent>
		<wp:menu_order>0</wp:menu_order>
		<wp:post_type>acf</wp:post_type>
		<wp:post_password></wp:post_password>
		<wp:postmeta>
			<wp:meta_key>_edit_last</wp:meta_key>
			<wp:meta_value><![CDATA[1]]></wp:meta_value>
		</wp:postmeta>
		<wp:postmeta>
			<wp:meta_key>field_53503f2015e8b</wp:meta_key>
			<wp:meta_value><![CDATA[a:13:{s:3:"key";s:19:"field_53503f2015e8b";s:5:"label";s:3:"FAQ";s:4:"name";s:3:"faq";s:4:"type";s:8:"repeater";s:12:"instructions";s:0:"";s:8:"required";s:1:"0";s:10:"sub_fields";a:2:{i:0;a:15:{s:3:"key";s:19:"field_53503f3415e8c";s:5:"label";s:8:"Question";s:4:"name";s:8:"question";s:4:"type";s:4:"text";s:12:"instructions";s:0:"";s:8:"required";s:1:"1";s:12:"column_width";s:0:"";s:13:"default_value";s:0:"";s:11:"placeholder";s:0:"";s:7:"prepend";s:0:"";s:6:"append";s:0:"";s:10:"formatting";s:4:"html";s:9:"maxlength";s:0:"";s:17:"conditional_logic";a:3:{s:6:"status";s:1:"0";s:5:"rules";a:1:{i:0;a:3:{s:5:"field";s:4:"null";s:8:"operator";s:2:"==";s:5:"value";s:0:"";}}s:8:"allorany";s:3:"all";}s:8:"order_no";i:0;}i:1;a:12:{s:3:"key";s:19:"field_53503f4715e8d";s:5:"label";s:6:"Answer";s:4:"name";s:6:"answer";s:4:"type";s:7:"wysiwyg";s:12:"instructions";s:0:"";s:8:"required";s:1:"1";s:12:"column_width";s:0:"";s:13:"default_value";s:0:"";s:7:"toolbar";s:4:"full";s:12:"media_upload";s:2:"no";s:17:"conditional_logic";a:3:{s:6:"status";s:1:"0";s:5:"rules";a:1:{i:0;a:2:{s:5:"field";s:4:"null";s:8:"operator";s:2:"==";}}s:8:"allorany";s:3:"all";}s:8:"order_no";i:1;}}s:7:"row_min";s:0:"";s:9:"row_limit";s:0:"";s:6:"layout";s:3:"row";s:12:"button_label";s:12:"Add Question";s:17:"conditional_logic";a:3:{s:6:"status";s:1:"0";s:5:"rules";a:1:{i:0;a:2:{s:5:"field";s:4:"null";s:8:"operator";s:2:"==";}}s:8:"allorany";s:3:"all";}s:8:"order_no";i:0;}]]></wp:meta_value>
		</wp:postmeta>
		<wp:postmeta>
			<wp:meta_key>position</wp:meta_key>
			<wp:meta_value><![CDATA[normal]]></wp:meta_value>
		</wp:postmeta>
		<wp:postmeta>
			<wp:meta_key>layout</wp:meta_key>
			<wp:meta_value><![CDATA[default]]></wp:meta_value>
		</wp:postmeta>
		<wp:postmeta>
			<wp:meta_key>hide_on_screen</wp:meta_key>
			<wp:meta_value><![CDATA[]]></wp:meta_value>
		</wp:postmeta>
		<wp:postmeta>
			<wp:meta_key>rule</wp:meta_key>
			<wp:meta_value><![CDATA[a:5:{s:5:"param";s:13:"page_template";s:8:"operator";s:2:"==";s:5:"value";s:16:"template-faq.php";s:8:"order_no";i:0;s:8:"group_no";i:0;}]]></wp:meta_value>
		</wp:postmeta>
	</item>
	<item>
		<title>Organizers</title>
		<link>http://localhost:8888/phuse/ndoch/?acf=acf_organizers</link>
		<pubDate>Tue, 22 Apr 2014 17:50:30 +0000</pubDate>
		<dc:creator>ndoch@dmin</dc:creator>
		<guid isPermaLink="false">http://localhost:8888/phuse/ndoch/?post_type=acf&#038;p=102</guid>
		<wp:post_id>102</wp:post_id>
		<wp:post_date>2014-04-22 17:50:30</wp:post_date>
		<wp:post_date_gmt>2014-04-22 17:50:30</wp:post_date_gmt>
		<wp:comment_status>closed</wp:comment_status>
		<wp:ping_status>closed</wp:ping_status>
		<wp:post_name>acf_organizers</wp:post_name>
		<wp:status>publish</wp:status>
		<wp:post_parent>0</wp:post_parent>
		<wp:menu_order>0</wp:menu_order>
		<wp:post_type>acf</wp:post_type>
		<wp:post_password></wp:post_password>
		<wp:postmeta>
			<wp:meta_key>_edit_last</wp:meta_key>
			<wp:meta_value><![CDATA[1]]></wp:meta_value>
		</wp:postmeta>
		<wp:postmeta>
			<wp:meta_key>position</wp:meta_key>
			<wp:meta_value><![CDATA[normal]]></wp:meta_value>
		</wp:postmeta>
		<wp:postmeta>
			<wp:meta_key>layout</wp:meta_key>
			<wp:meta_value><![CDATA[default]]></wp:meta_value>
		</wp:postmeta>
		<wp:postmeta>
			<wp:meta_key>hide_on_screen</wp:meta_key>
			<wp:meta_value><![CDATA[]]></wp:meta_value>
		</wp:postmeta>
		<wp:postmeta>
			<wp:meta_key>field_5356abe7567a6</wp:meta_key>
			<wp:meta_value><![CDATA[a:14:{s:3:"key";s:19:"field_5356abe7567a6";s:5:"label";s:15:"Section1 Header";s:4:"name";s:15:"section1_header";s:4:"type";s:4:"text";s:12:"instructions";s:0:"";s:8:"required";s:1:"0";s:13:"default_value";s:15:"Leadership Team";s:11:"placeholder";s:0:"";s:7:"prepend";s:0:"";s:6:"append";s:0:"";s:10:"formatting";s:4:"html";s:9:"maxlength";s:0:"";s:17:"conditional_logic";a:3:{s:6:"status";s:1:"0";s:5:"rules";a:1:{i:0;a:3:{s:5:"field";s:4:"null";s:8:"operator";s:2:"==";s:5:"value";s:0:"";}}s:8:"allorany";s:3:"all";}s:8:"order_no";i:0;}]]></wp:meta_value>
		</wp:postmeta>
		<wp:postmeta>
			<wp:meta_key>field_5356ac1c567a7</wp:meta_key>
			<wp:meta_value><![CDATA[a:13:{s:3:"key";s:19:"field_5356ac1c567a7";s:5:"label";s:15:"Section1 People";s:4:"name";s:15:"section1_people";s:4:"type";s:8:"repeater";s:12:"instructions";s:0:"";s:8:"required";s:1:"0";s:10:"sub_fields";a:3:{i:0;a:12:{s:3:"key";s:19:"field_5356ac61567aa";s:5:"label";s:5:"Image";s:4:"name";s:5:"image";s:4:"type";s:5:"image";s:12:"instructions";s:0:"";s:8:"required";s:1:"0";s:12:"column_width";s:0:"";s:11:"save_format";s:6:"object";s:12:"preview_size";s:9:"thumbnail";s:7:"library";s:3:"all";s:17:"conditional_logic";a:3:{s:6:"status";s:1:"0";s:5:"rules";a:1:{i:0;a:2:{s:5:"field";s:4:"null";s:8:"operator";s:2:"==";}}s:8:"allorany";s:3:"all";}s:8:"order_no";i:0;}i:1;a:15:{s:3:"key";s:19:"field_5356ac36567a8";s:5:"label";s:4:"Name";s:4:"name";s:4:"name";s:4:"type";s:4:"text";s:12:"instructions";s:0:"";s:8:"required";s:1:"1";s:12:"column_width";s:0:"";s:13:"default_value";s:0:"";s:11:"placeholder";s:0:"";s:7:"prepend";s:0:"";s:6:"append";s:0:"";s:10:"formatting";s:4:"html";s:9:"maxlength";s:0:"";s:17:"conditional_logic";a:3:{s:6:"status";s:1:"0";s:5:"rules";a:1:{i:0;a:3:{s:5:"field";s:4:"null";s:8:"operator";s:2:"==";s:5:"value";s:0:"";}}s:8:"allorany";s:3:"all";}s:8:"order_no";i:1;}i:2;a:15:{s:3:"key";s:19:"field_5356ac54567a9";s:5:"label";s:7:"Company";s:4:"name";s:7:"company";s:4:"type";s:4:"text";s:12:"instructions";s:0:"";s:8:"required";s:1:"0";s:12:"column_width";s:0:"";s:13:"default_value";s:0:"";s:11:"placeholder";s:0:"";s:7:"prepend";s:0:"";s:6:"append";s:0:"";s:10:"formatting";s:4:"html";s:9:"maxlength";s:0:"";s:17:"conditional_logic";a:3:{s:6:"status";s:1:"0";s:5:"rules";a:1:{i:0;a:3:{s:5:"field";s:4:"null";s:8:"operator";s:2:"==";s:5:"value";s:0:"";}}s:8:"allorany";s:3:"all";}s:8:"order_no";i:2;}}s:7:"row_min";s:0:"";s:9:"row_limit";s:0:"";s:6:"layout";s:5:"table";s:12:"button_label";s:7:"Add Row";s:17:"conditional_logic";a:3:{s:6:"status";s:1:"0";s:5:"rules";a:1:{i:0;a:2:{s:5:"field";s:4:"null";s:8:"operator";s:2:"==";}}s:8:"allorany";s:3:"all";}s:8:"order_no";i:1;}]]></wp:meta_value>
		</wp:postmeta>
		<wp:postmeta>
			<wp:meta_key>field_5356ac811a7c7</wp:meta_key>
			<wp:meta_value><![CDATA[a:14:{s:3:"key";s:19:"field_5356ac811a7c7";s:5:"label";s:15:"Section2 Header";s:4:"name";s:15:"section2_header";s:4:"type";s:4:"text";s:12:"instructions";s:0:"";s:8:"required";s:1:"0";s:13:"default_value";s:20:"Core Organizing Team";s:11:"placeholder";s:0:"";s:7:"prepend";s:0:"";s:6:"append";s:0:"";s:10:"formatting";s:4:"html";s:9:"maxlength";s:0:"";s:17:"conditional_logic";a:3:{s:6:"status";s:1:"0";s:5:"rules";a:1:{i:0;a:3:{s:5:"field";s:4:"null";s:8:"operator";s:2:"==";s:5:"value";s:0:"";}}s:8:"allorany";s:3:"all";}s:8:"order_no";i:2;}]]></wp:meta_value>
		</wp:postmeta>
		<wp:postmeta>
			<wp:meta_key>field_5356aca21a7c8</wp:meta_key>
			<wp:meta_value><![CDATA[a:13:{s:3:"key";s:19:"field_5356aca21a7c8";s:5:"label";s:15:"Section2 People";s:4:"name";s:15:"section2_people";s:4:"type";s:8:"repeater";s:12:"instructions";s:0:"";s:8:"required";s:1:"0";s:10:"sub_fields";a:3:{i:0;a:12:{s:3:"key";s:19:"field_5356aca21a7cb";s:5:"label";s:5:"Image";s:4:"name";s:5:"image";s:4:"type";s:5:"image";s:12:"instructions";s:0:"";s:8:"required";s:1:"0";s:12:"column_width";s:0:"";s:11:"save_format";s:6:"object";s:12:"preview_size";s:9:"thumbnail";s:7:"library";s:3:"all";s:17:"conditional_logic";a:3:{s:6:"status";s:1:"0";s:5:"rules";a:1:{i:0;a:2:{s:5:"field";s:4:"null";s:8:"operator";s:2:"==";}}s:8:"allorany";s:3:"all";}s:8:"order_no";i:0;}i:1;a:15:{s:3:"key";s:19:"field_5356aca21a7c9";s:5:"label";s:4:"Name";s:4:"name";s:4:"name";s:4:"type";s:4:"text";s:12:"instructions";s:0:"";s:8:"required";s:1:"1";s:12:"column_width";s:0:"";s:13:"default_value";s:0:"";s:11:"placeholder";s:0:"";s:7:"prepend";s:0:"";s:6:"append";s:0:"";s:10:"formatting";s:4:"html";s:9:"maxlength";s:0:"";s:17:"conditional_logic";a:3:{s:6:"status";s:1:"0";s:5:"rules";a:1:{i:0;a:3:{s:5:"field";s:4:"null";s:8:"operator";s:2:"==";s:5:"value";s:0:"";}}s:8:"allorany";s:3:"all";}s:8:"order_no";i:1;}i:2;a:15:{s:3:"key";s:19:"field_5356aca21a7ca";s:5:"label";s:7:"Company";s:4:"name";s:7:"company";s:4:"type";s:4:"text";s:12:"instructions";s:0:"";s:8:"required";s:1:"0";s:12:"column_width";s:0:"";s:13:"default_value";s:0:"";s:11:"placeholder";s:0:"";s:7:"prepend";s:0:"";s:6:"append";s:0:"";s:10:"formatting";s:4:"html";s:9:"maxlength";s:0:"";s:17:"conditional_logic";a:3:{s:6:"status";s:1:"0";s:5:"rules";a:1:{i:0;a:3:{s:5:"field";s:4:"null";s:8:"operator";s:2:"==";s:5:"value";s:0:"";}}s:8:"allorany";s:3:"all";}s:8:"order_no";i:2;}}s:7:"row_min";s:0:"";s:9:"row_limit";s:0:"";s:6:"layout";s:5:"table";s:12:"button_label";s:7:"Add Row";s:17:"conditional_logic";a:3:{s:6:"status";s:1:"0";s:5:"rules";a:1:{i:0;a:2:{s:5:"field";s:4:"null";s:8:"operator";s:2:"==";}}s:8:"allorany";s:3:"all";}s:8:"order_no";i:3;}]]></wp:meta_value>
		</wp:postmeta>
		<wp:postmeta>
			<wp:meta_key>field_5356acce1305e</wp:meta_key>
			<wp:meta_value><![CDATA[a:14:{s:3:"key";s:19:"field_5356acce1305e";s:5:"label";s:15:"Section3 Header";s:4:"name";s:15:"section3_header";s:4:"type";s:4:"text";s:12:"instructions";s:87:"People appearing in this section loaded automatically from users with role of Organizer";s:8:"required";s:1:"0";s:13:"default_value";s:10:"Organizers";s:11:"placeholder";s:0:"";s:7:"prepend";s:0:"";s:6:"append";s:0:"";s:10:"formatting";s:4:"html";s:9:"maxlength";s:0:"";s:17:"conditional_logic";a:3:{s:6:"status";s:1:"0";s:5:"rules";a:1:{i:0;a:3:{s:5:"field";s:4:"null";s:8:"operator";s:2:"==";s:5:"value";s:0:"";}}s:8:"allorany";s:3:"all";}s:8:"order_no";i:4;}]]></wp:meta_value>
		</wp:postmeta>
		<wp:postmeta>
			<wp:meta_key>rule</wp:meta_key>
			<wp:meta_value><![CDATA[a:5:{s:5:"param";s:13:"page_template";s:8:"operator";s:2:"==";s:5:"value";s:23:"template-organizers.php";s:8:"order_no";i:0;s:8:"group_no";i:0;}]]></wp:meta_value>
		</wp:postmeta>
	</item>
	<item>
		<title>Dataset</title>
		<link>http://localhost:8888/phuse/ndoch/?acf=acf_dataset</link>
		<pubDate>Fri, 25 Apr 2014 16:42:23 +0000</pubDate>
		<dc:creator>ndoch@dmin</dc:creator>
		<guid isPermaLink="false">http://localhost:8888/phuse/ndoch/?post_type=acf&#038;p=114</guid>
		<wp:post_id>114</wp:post_id>
		<wp:post_date>2014-04-25 16:42:23</wp:post_date>
		<wp:post_date_gmt>2014-04-25 16:42:23</wp:post_date_gmt>
		<wp:comment_status>closed</wp:comment_status>
		<wp:ping_status>closed</wp:ping_status>
		<wp:post_name>acf_dataset</wp:post_name>
		<wp:status>publish</wp:status>
		<wp:post_parent>0</wp:post_parent>
		<wp:menu_order>0</wp:menu_order>
		<wp:post_type>acf</wp:post_type>
		<wp:post_password></wp:post_password>
		<wp:postmeta>
			<wp:meta_key>_edit_last</wp:meta_key>
			<wp:meta_value><![CDATA[1]]></wp:meta_value>
		</wp:postmeta>
		<wp:postmeta>
			<wp:meta_key>field_535a8f4ca7376</wp:meta_key>
			<wp:meta_value><![CDATA[a:10:{s:3:"key";s:19:"field_535a8f4ca7376";s:5:"label";s:4:"File";s:4:"name";s:4:"file";s:4:"type";s:4:"file";s:12:"instructions";s:57:"Attach a file here if needed (overrides the resource URL)";s:8:"required";s:1:"0";s:11:"save_format";s:6:"object";s:7:"library";s:10:"uploadedTo";s:17:"conditional_logic";a:3:{s:6:"status";s:1:"0";s:5:"rules";a:1:{i:0;a:2:{s:5:"field";s:4:"null";s:8:"operator";s:2:"==";}}s:8:"allorany";s:3:"all";}s:8:"order_no";i:1;}]]></wp:meta_value>
		</wp:postmeta>
		<wp:postmeta>
			<wp:meta_key>field_535a9027a7377</wp:meta_key>
			<wp:meta_value><![CDATA[a:11:{s:3:"key";s:19:"field_535a9027a7377";s:5:"label";s:4:"Logo";s:4:"name";s:4:"logo";s:4:"type";s:5:"image";s:12:"instructions";s:0:"";s:8:"required";s:1:"0";s:11:"save_format";s:6:"object";s:12:"preview_size";s:4:"logo";s:7:"library";s:3:"all";s:17:"conditional_logic";a:3:{s:6:"status";s:1:"0";s:5:"rules";a:1:{i:0;a:3:{s:5:"field";s:4:"null";s:8:"operator";s:2:"==";s:5:"value";s:0:"";}}s:8:"allorany";s:3:"all";}s:8:"order_no";i:2;}]]></wp:meta_value>
		</wp:postmeta>
		<wp:postmeta>
			<wp:meta_key>field_535a9063a7378</wp:meta_key>
			<wp:meta_value><![CDATA[a:14:{s:3:"key";s:19:"field_535a9063a7378";s:5:"label";s:9:"Logo link";s:4:"name";s:9:"logo_link";s:4:"type";s:4:"text";s:12:"instructions";s:0:"";s:8:"required";s:1:"0";s:13:"default_value";s:0:"";s:11:"placeholder";s:0:"";s:7:"prepend";s:0:"";s:6:"append";s:0:"";s:10:"formatting";s:4:"none";s:9:"maxlength";s:0:"";s:17:"conditional_logic";a:3:{s:6:"status";s:1:"0";s:5:"rules";a:1:{i:0;a:3:{s:5:"field";s:4:"null";s:8:"operator";s:2:"==";s:5:"value";s:0:"";}}s:8:"allorany";s:3:"all";}s:8:"order_no";i:3;}]]></wp:meta_value>
		</wp:postmeta>
		<wp:postmeta>
			<wp:meta_key>position</wp:meta_key>
			<wp:meta_value><![CDATA[normal]]></wp:meta_value>
		</wp:postmeta>
		<wp:postmeta>
			<wp:meta_key>layout</wp:meta_key>
			<wp:meta_value><![CDATA[no_box]]></wp:meta_value>
		</wp:postmeta>
		<wp:postmeta>
			<wp:meta_key>hide_on_screen</wp:meta_key>
			<wp:meta_value><![CDATA[]]></wp:meta_value>
		</wp:postmeta>
		<wp:postmeta>
			<wp:meta_key>field_535ac0faff26c</wp:meta_key>
			<wp:meta_value><![CDATA[a:14:{s:3:"key";s:19:"field_535ac0faff26c";s:5:"label";s:12:"Resource URL";s:4:"name";s:12:"resource_url";s:4:"type";s:4:"text";s:12:"instructions";s:0:"";s:8:"required";s:1:"0";s:13:"default_value";s:0:"";s:11:"placeholder";s:0:"";s:7:"prepend";s:0:"";s:6:"append";s:0:"";s:10:"formatting";s:4:"none";s:9:"maxlength";s:0:"";s:17:"conditional_logic";a:3:{s:6:"status";s:1:"0";s:5:"rules";a:1:{i:0;a:2:{s:5:"field";s:4:"null";s:8:"operator";s:2:"==";}}s:8:"allorany";s:3:"all";}s:8:"order_no";i:0;}]]></wp:meta_value>
		</wp:postmeta>
		<wp:postmeta>
			<wp:meta_key>rule</wp:meta_key>
			<wp:meta_value><![CDATA[a:5:{s:5:"param";s:9:"post_type";s:8:"operator";s:2:"==";s:5:"value";s:4:"data";s:8:"order_no";i:0;s:8:"group_no";i:0;}]]></wp:meta_value>
		</wp:postmeta>
	</item>
	<item>
		<title>Challenge</title>
		<link>http://localhost:8888/phuse/ndoch/?acf=acf_challenge</link>
		<pubDate>Sun, 27 Apr 2014 15:49:04 +0000</pubDate>
		<dc:creator>ndoch@dmin</dc:creator>
		<guid isPermaLink="false">http://localhost:8888/phuse/ndoch/?post_type=acf&#038;p=128</guid>
		<wp:post_id>128</wp:post_id>
		<wp:post_date>2014-04-27 15:49:04</wp:post_date>
		<wp:post_date_gmt>2014-04-27 15:49:04</wp:post_date_gmt>
		<wp:comment_status>closed</wp:comment_status>
		<wp:ping_status>closed</wp:ping_status>
		<wp:post_name>acf_challenge</wp:post_name>
		<wp:status>publish</wp:status>
		<wp:post_parent>0</wp:post_parent>
		<wp:menu_order>0</wp:menu_order>
		<wp:post_type>acf</wp:post_type>
		<wp:post_password></wp:post_password>
		<wp:postmeta>
			<wp:meta_key>_edit_last</wp:meta_key>
			<wp:meta_value><![CDATA[1]]></wp:meta_value>
		</wp:postmeta>
		<wp:postmeta>
			<wp:meta_key>field_535d237bf9781</wp:meta_key>
			<wp:meta_value><![CDATA[a:14:{s:3:"key";s:19:"field_535d237bf9781";s:5:"label";s:9:"Organizer";s:4:"name";s:9:"organizer";s:4:"type";s:4:"text";s:12:"instructions";s:0:"";s:8:"required";s:1:"0";s:13:"default_value";s:0:"";s:11:"placeholder";s:0:"";s:7:"prepend";s:0:"";s:6:"append";s:0:"";s:10:"formatting";s:4:"none";s:9:"maxlength";s:0:"";s:17:"conditional_logic";a:3:{s:6:"status";s:1:"0";s:5:"rules";a:1:{i:0;a:3:{s:5:"field";s:4:"null";s:8:"operator";s:2:"==";s:5:"value";s:0:"";}}s:8:"allorany";s:3:"all";}s:8:"order_no";i:0;}]]></wp:meta_value>
		</wp:postmeta>
		<wp:postmeta>
			<wp:meta_key>field_535d2613f9782</wp:meta_key>
			<wp:meta_value><![CDATA[a:12:{s:3:"key";s:19:"field_535d2613f9782";s:5:"label";s:13:"Contact email";s:4:"name";s:13:"contact_email";s:4:"type";s:5:"email";s:12:"instructions";s:0:"";s:8:"required";s:1:"0";s:13:"default_value";s:0:"";s:11:"placeholder";s:0:"";s:7:"prepend";s:0:"";s:6:"append";s:0:"";s:17:"conditional_logic";a:3:{s:6:"status";s:1:"0";s:5:"rules";a:1:{i:0;a:3:{s:5:"field";s:4:"null";s:8:"operator";s:2:"==";s:5:"value";s:0:"";}}s:8:"allorany";s:3:"all";}s:8:"order_no";i:1;}]]></wp:meta_value>
		</wp:postmeta>
		<wp:postmeta>
			<wp:meta_key>field_535d264bf9783</wp:meta_key>
			<wp:meta_value><![CDATA[a:13:{s:3:"key";s:19:"field_535d264bf9783";s:5:"label";s:16:"Related Datasets";s:4:"name";s:8:"datasets";s:4:"type";s:8:"repeater";s:12:"instructions";s:0:"";s:8:"required";s:1:"0";s:10:"sub_fields";a:1:{i:0;a:13:{s:3:"key";s:19:"field_535d266bf9784";s:5:"label";s:7:"Dataset";s:4:"name";s:7:"dataset";s:4:"type";s:11:"post_object";s:12:"instructions";s:0:"";s:8:"required";s:1:"0";s:12:"column_width";s:0:"";s:9:"post_type";a:1:{i:0;s:4:"data";}s:8:"taxonomy";a:1:{i:0;s:3:"all";}s:10:"allow_null";s:1:"0";s:8:"multiple";s:1:"0";s:17:"conditional_logic";a:3:{s:6:"status";s:1:"0";s:5:"rules";a:1:{i:0;a:3:{s:5:"field";s:4:"null";s:8:"operator";s:2:"==";s:5:"value";s:0:"";}}s:8:"allorany";s:3:"all";}s:8:"order_no";i:0;}}s:7:"row_min";s:0:"";s:9:"row_limit";s:0:"";s:6:"layout";s:5:"table";s:12:"button_label";s:11:"Add Dataset";s:17:"conditional_logic";a:3:{s:6:"status";s:1:"0";s:5:"rules";a:1:{i:0;a:2:{s:5:"field";s:4:"null";s:8:"operator";s:2:"==";}}s:8:"allorany";s:3:"all";}s:8:"order_no";i:2;}]]></wp:meta_value>
		</wp:postmeta>
		<wp:postmeta>
			<wp:meta_key>field_535d269df9785</wp:meta_key>
			<wp:meta_value><![CDATA[a:13:{s:3:"key";s:19:"field_535d269df9785";s:5:"label";s:18:"Challenge Sponsors";s:4:"name";s:8:"sponsors";s:4:"type";s:8:"repeater";s:12:"instructions";s:0:"";s:8:"required";s:1:"0";s:10:"sub_fields";a:2:{i:0;a:12:{s:3:"key";s:19:"field_535d26c3f9786";s:5:"label";s:4:"Logo";s:4:"name";s:4:"logo";s:4:"type";s:5:"image";s:12:"instructions";s:0:"";s:8:"required";s:1:"1";s:12:"column_width";s:0:"";s:11:"save_format";s:6:"object";s:12:"preview_size";s:9:"thumbnail";s:7:"library";s:3:"all";s:17:"conditional_logic";a:3:{s:6:"status";s:1:"0";s:5:"rules";a:1:{i:0;a:3:{s:5:"field";s:4:"null";s:8:"operator";s:2:"==";s:5:"value";s:0:"";}}s:8:"allorany";s:3:"all";}s:8:"order_no";i:0;}i:1;a:15:{s:3:"key";s:19:"field_535d26e1f9787";s:5:"label";s:3:"URL";s:4:"name";s:3:"url";s:4:"type";s:4:"text";s:12:"instructions";s:0:"";s:8:"required";s:1:"0";s:12:"column_width";s:0:"";s:13:"default_value";s:0:"";s:11:"placeholder";s:0:"";s:7:"prepend";s:0:"";s:6:"append";s:0:"";s:10:"formatting";s:4:"none";s:9:"maxlength";s:0:"";s:17:"conditional_logic";a:3:{s:6:"status";s:1:"0";s:5:"rules";a:1:{i:0;a:3:{s:5:"field";s:4:"null";s:8:"operator";s:2:"==";s:5:"value";s:0:"";}}s:8:"allorany";s:3:"all";}s:8:"order_no";i:1;}}s:7:"row_min";s:0:"";s:9:"row_limit";s:0:"";s:6:"layout";s:5:"table";s:12:"button_label";s:7:"Add Row";s:17:"conditional_logic";a:3:{s:6:"status";s:1:"0";s:5:"rules";a:1:{i:0;a:3:{s:5:"field";s:4:"null";s:8:"operator";s:2:"==";s:5:"value";s:0:"";}}s:8:"allorany";s:3:"all";}s:8:"order_no";i:3;}]]></wp:meta_value>
		</wp:postmeta>
		<wp:postmeta>
			<wp:meta_key>position</wp:meta_key>
			<wp:meta_value><![CDATA[normal]]></wp:meta_value>
		</wp:postmeta>
		<wp:postmeta>
			<wp:meta_key>layout</wp:meta_key>
			<wp:meta_value><![CDATA[default]]></wp:meta_value>
		</wp:postmeta>
		<wp:postmeta>
			<wp:meta_key>hide_on_screen</wp:meta_key>
			<wp:meta_value><![CDATA[]]></wp:meta_value>
		</wp:postmeta>
		<wp:postmeta>
			<wp:meta_key>rule</wp:meta_key>
			<wp:meta_value><![CDATA[a:5:{s:5:"param";s:9:"post_type";s:8:"operator";s:2:"==";s:5:"value";s:9:"challenge";s:8:"order_no";i:0;s:8:"group_no";i:0;}]]></wp:meta_value>
		</wp:postmeta>
	</item>
	<item>
		<title>Press</title>
		<link>http://localhost:8888/phuse/ndoch/?acf=acf_press</link>
		<pubDate>Mon, 28 Apr 2014 18:36:46 +0000</pubDate>
		<dc:creator>ndoch@dmin</dc:creator>
		<guid isPermaLink="false">http://localhost:8888/phuse/ndoch/?post_type=acf&#038;p=135</guid>
		<wp:post_id>135</wp:post_id>
		<wp:post_date>2014-04-28 18:36:46</wp:post_date>
		<wp:post_date_gmt>2014-04-28 18:36:46</wp:post_date_gmt>
		<wp:comment_status>closed</wp:comment_status>
		<wp:ping_status>closed</wp:ping_status>
		<wp:post_name>acf_press</wp:post_name>
		<wp:status>publish</wp:status>
		<wp:post_parent>0</wp:post_parent>
		<wp:menu_order>0</wp:menu_order>
		<wp:post_type>acf</wp:post_type>
		<wp:post_password></wp:post_password>
		<wp:postmeta>
			<wp:meta_key>_edit_last</wp:meta_key>
			<wp:meta_value><![CDATA[1]]></wp:meta_value>
		</wp:postmeta>
		<wp:postmeta>
			<wp:meta_key>field_535e9eebdca63</wp:meta_key>
			<wp:meta_value><![CDATA[a:13:{s:3:"key";s:19:"field_535e9eebdca63";s:5:"label";s:14:"Press Releases";s:4:"name";s:14:"press_releases";s:4:"type";s:8:"repeater";s:12:"instructions";s:0:"";s:8:"required";s:1:"0";s:10:"sub_fields";a:4:{i:0;a:15:{s:3:"key";s:19:"field_535e9f22dca64";s:5:"label";s:5:"Quote";s:4:"name";s:5:"quote";s:4:"type";s:4:"text";s:12:"instructions";s:14:"or description";s:8:"required";s:1:"0";s:12:"column_width";s:0:"";s:13:"default_value";s:0:"";s:11:"placeholder";s:0:"";s:7:"prepend";s:0:"";s:6:"append";s:0:"";s:10:"formatting";s:4:"html";s:9:"maxlength";s:0:"";s:17:"conditional_logic";a:3:{s:6:"status";s:1:"0";s:5:"rules";a:1:{i:0;a:3:{s:5:"field";s:4:"null";s:8:"operator";s:2:"==";s:5:"value";s:0:"";}}s:8:"allorany";s:3:"all";}s:8:"order_no";i:0;}i:1;a:15:{s:3:"key";s:19:"field_535e9f46dca65";s:5:"label";s:3:"URL";s:4:"name";s:3:"url";s:4:"type";s:4:"text";s:12:"instructions";s:37:"to link to a webpage or uploaded file";s:8:"required";s:1:"0";s:12:"column_width";s:0:"";s:13:"default_value";s:0:"";s:11:"placeholder";s:0:"";s:7:"prepend";s:0:"";s:6:"append";s:0:"";s:10:"formatting";s:4:"none";s:9:"maxlength";s:0:"";s:17:"conditional_logic";a:3:{s:6:"status";s:1:"0";s:5:"rules";a:1:{i:0;a:3:{s:5:"field";s:4:"null";s:8:"operator";s:2:"==";s:5:"value";s:0:"";}}s:8:"allorany";s:3:"all";}s:8:"order_no";i:1;}i:2;a:15:{s:3:"key";s:19:"field_535ea3709a8f1";s:5:"label";s:9:"Link text";s:4:"name";s:9:"link_text";s:4:"type";s:4:"text";s:12:"instructions";s:25:"source name or 'download'";s:8:"required";s:1:"0";s:12:"column_width";s:0:"";s:13:"default_value";s:0:"";s:11:"placeholder";s:0:"";s:7:"prepend";s:0:"";s:6:"append";s:0:"";s:10:"formatting";s:4:"html";s:9:"maxlength";s:0:"";s:17:"conditional_logic";a:3:{s:6:"status";s:1:"0";s:5:"rules";a:1:{i:0;a:3:{s:5:"field";s:4:"null";s:8:"operator";s:2:"==";s:5:"value";s:0:"";}}s:8:"allorany";s:3:"all";}s:8:"order_no";i:2;}i:3;a:12:{s:3:"key";s:19:"field_535e9f7edca66";s:5:"label";s:4:"Date";s:4:"name";s:4:"date";s:4:"type";s:11:"date_picker";s:12:"instructions";s:0:"";s:8:"required";s:1:"0";s:12:"column_width";s:0:"";s:11:"date_format";s:6:"yymmdd";s:14:"display_format";s:8:"dd/mm/yy";s:9:"first_day";s:1:"0";s:17:"conditional_logic";a:3:{s:6:"status";s:1:"0";s:5:"rules";a:1:{i:0;a:3:{s:5:"field";s:4:"null";s:8:"operator";s:2:"==";s:5:"value";s:0:"";}}s:8:"allorany";s:3:"all";}s:8:"order_no";i:3;}}s:7:"row_min";s:0:"";s:9:"row_limit";s:0:"";s:6:"layout";s:5:"table";s:12:"button_label";s:17:"Add Press Release";s:17:"conditional_logic";a:3:{s:6:"status";s:1:"0";s:5:"rules";a:1:{i:0;a:3:{s:5:"field";s:4:"null";s:8:"operator";s:2:"==";s:5:"value";s:0:"";}}s:8:"allorany";s:3:"all";}s:8:"order_no";i:0;}]]></wp:meta_value>
		</wp:postmeta>
		<wp:postmeta>
			<wp:meta_key>position</wp:meta_key>
			<wp:meta_value><![CDATA[normal]]></wp:meta_value>
		</wp:postmeta>
		<wp:postmeta>
			<wp:meta_key>layout</wp:meta_key>
			<wp:meta_value><![CDATA[default]]></wp:meta_value>
		</wp:postmeta>
		<wp:postmeta>
			<wp:meta_key>hide_on_screen</wp:meta_key>
			<wp:meta_value><![CDATA[]]></wp:meta_value>
		</wp:postmeta>
		<wp:postmeta>
			<wp:meta_key>field_535ea04b1b6c8</wp:meta_key>
			<wp:meta_value><![CDATA[a:11:{s:3:"key";s:19:"field_535ea04b1b6c8";s:5:"label";s:12:"Logo Preview";s:4:"name";s:12:"logo_preview";s:4:"type";s:5:"image";s:12:"instructions";s:0:"";s:8:"required";s:1:"0";s:11:"save_format";s:6:"object";s:12:"preview_size";s:9:"thumbnail";s:7:"library";s:3:"all";s:17:"conditional_logic";a:3:{s:6:"status";s:1:"0";s:5:"rules";a:1:{i:0;a:3:{s:5:"field";s:4:"null";s:8:"operator";s:2:"==";s:5:"value";s:0:"";}}s:8:"allorany";s:3:"all";}s:8:"order_no";i:2;}]]></wp:meta_value>
		</wp:postmeta>
		<wp:postmeta>
			<wp:meta_key>field_535ea0ae1b6c9</wp:meta_key>
			<wp:meta_value><![CDATA[a:10:{s:3:"key";s:19:"field_535ea0ae1b6c9";s:5:"label";s:13:"Logo Download";s:4:"name";s:13:"logo_download";s:4:"type";s:4:"file";s:12:"instructions";s:50:"could be a zip file of different sizes and formats";s:8:"required";s:1:"0";s:11:"save_format";s:3:"url";s:7:"library";s:3:"all";s:17:"conditional_logic";a:3:{s:6:"status";s:1:"0";s:5:"rules";a:1:{i:0;a:3:{s:5:"field";s:4:"null";s:8:"operator";s:2:"==";s:5:"value";s:0:"";}}s:8:"allorany";s:3:"all";}s:8:"order_no";i:3;}]]></wp:meta_value>
		</wp:postmeta>
		<wp:postmeta>
			<wp:meta_key>field_535ea0d71c8ed</wp:meta_key>
			<wp:meta_value><![CDATA[a:11:{s:3:"key";s:19:"field_535ea0d71c8ed";s:5:"label";s:30:"Logo Preview (dark background)";s:4:"name";s:17:"logo_preview_dark";s:4:"type";s:5:"image";s:12:"instructions";s:0:"";s:8:"required";s:1:"0";s:11:"save_format";s:6:"object";s:12:"preview_size";s:9:"thumbnail";s:7:"library";s:3:"all";s:17:"conditional_logic";a:3:{s:6:"status";s:1:"0";s:5:"rules";a:1:{i:0;a:3:{s:5:"field";s:4:"null";s:8:"operator";s:2:"==";s:5:"value";s:0:"";}}s:8:"allorany";s:3:"all";}s:8:"order_no";i:4;}]]></wp:meta_value>
		</wp:postmeta>
		<wp:postmeta>
			<wp:meta_key>field_535ea0ed1c8ee</wp:meta_key>
			<wp:meta_value><![CDATA[a:10:{s:3:"key";s:19:"field_535ea0ed1c8ee";s:5:"label";s:31:"Logo Download (dark background)";s:4:"name";s:18:"logo_download_dark";s:4:"type";s:4:"file";s:12:"instructions";s:0:"";s:8:"required";s:1:"0";s:11:"save_format";s:3:"url";s:7:"library";s:3:"all";s:17:"conditional_logic";a:3:{s:6:"status";s:1:"0";s:5:"rules";a:1:{i:0;a:3:{s:5:"field";s:4:"null";s:8:"operator";s:2:"==";s:5:"value";s:0:"";}}s:8:"allorany";s:3:"all";}s:8:"order_no";i:5;}]]></wp:meta_value>
		</wp:postmeta>
		<wp:postmeta>
			<wp:meta_key>field_535ea122c5d70</wp:meta_key>
			<wp:meta_value><![CDATA[a:11:{s:3:"key";s:19:"field_535ea122c5d70";s:5:"label";s:20:"Logo Preview (small)";s:4:"name";s:18:"logo_preview_small";s:4:"type";s:5:"image";s:12:"instructions";s:0:"";s:8:"required";s:1:"0";s:11:"save_format";s:6:"object";s:12:"preview_size";s:9:"thumbnail";s:7:"library";s:3:"all";s:17:"conditional_logic";a:3:{s:6:"status";s:1:"0";s:5:"rules";a:1:{i:0;a:3:{s:5:"field";s:4:"null";s:8:"operator";s:2:"==";s:5:"value";s:0:"";}}s:8:"allorany";s:3:"all";}s:8:"order_no";i:6;}]]></wp:meta_value>
		</wp:postmeta>
		<wp:postmeta>
			<wp:meta_key>field_535ea138c5d71</wp:meta_key>
			<wp:meta_value><![CDATA[a:10:{s:3:"key";s:19:"field_535ea138c5d71";s:5:"label";s:21:"Logo Download (small)";s:4:"name";s:19:"logo_download_small";s:4:"type";s:4:"file";s:12:"instructions";s:0:"";s:8:"required";s:1:"0";s:11:"save_format";s:3:"url";s:7:"library";s:3:"all";s:17:"conditional_logic";a:3:{s:6:"status";s:1:"0";s:5:"rules";a:1:{i:0;a:3:{s:5:"field";s:4:"null";s:8:"operator";s:2:"==";s:5:"value";s:0:"";}}s:8:"allorany";s:3:"all";}s:8:"order_no";i:7;}]]></wp:meta_value>
		</wp:postmeta>
		<wp:postmeta>
			<wp:meta_key>field_535ea14cc5d72</wp:meta_key>
			<wp:meta_value><![CDATA[a:11:{s:3:"key";s:19:"field_535ea14cc5d72";s:5:"label";s:37:"Logo Preview (small, dark background)";s:4:"name";s:23:"logo_preview_small_dark";s:4:"type";s:5:"image";s:12:"instructions";s:0:"";s:8:"required";s:1:"0";s:11:"save_format";s:6:"object";s:12:"preview_size";s:9:"thumbnail";s:7:"library";s:3:"all";s:17:"conditional_logic";a:3:{s:6:"status";s:1:"0";s:5:"rules";a:1:{i:0;a:3:{s:5:"field";s:4:"null";s:8:"operator";s:2:"==";s:5:"value";s:0:"";}}s:8:"allorany";s:3:"all";}s:8:"order_no";i:8;}]]></wp:meta_value>
		</wp:postmeta>
		<wp:postmeta>
			<wp:meta_key>field_535ea162c5d73</wp:meta_key>
			<wp:meta_value><![CDATA[a:10:{s:3:"key";s:19:"field_535ea162c5d73";s:5:"label";s:38:"Logo Download (small, dark background)";s:4:"name";s:24:"logo_download_small_dark";s:4:"type";s:4:"file";s:12:"instructions";s:0:"";s:8:"required";s:1:"0";s:11:"save_format";s:3:"url";s:7:"library";s:3:"all";s:17:"conditional_logic";a:3:{s:6:"status";s:1:"0";s:5:"rules";a:1:{i:0;a:3:{s:5:"field";s:4:"null";s:8:"operator";s:2:"==";s:5:"value";s:0:"";}}s:8:"allorany";s:3:"all";}s:8:"order_no";i:9;}]]></wp:meta_value>
		</wp:postmeta>
		<wp:postmeta>
			<wp:meta_key>field_535ea17ac5d74</wp:meta_key>
			<wp:meta_value><![CDATA[a:13:{s:3:"key";s:19:"field_535ea17ac5d74";s:5:"label";s:23:"Additional Press Assets";s:4:"name";s:12:"press_assets";s:4:"type";s:8:"repeater";s:12:"instructions";s:33:"add full-size images for download";s:8:"required";s:1:"0";s:10:"sub_fields";a:1:{i:0;a:12:{s:3:"key";s:19:"field_535ea1bdc5d75";s:5:"label";s:5:"Image";s:4:"name";s:5:"image";s:4:"type";s:5:"image";s:12:"instructions";s:0:"";s:8:"required";s:1:"0";s:12:"column_width";s:0:"";s:11:"save_format";s:6:"object";s:12:"preview_size";s:9:"thumbnail";s:7:"library";s:3:"all";s:17:"conditional_logic";a:3:{s:6:"status";s:1:"0";s:5:"rules";a:1:{i:0;a:3:{s:5:"field";s:4:"null";s:8:"operator";s:2:"==";s:5:"value";s:0:"";}}s:8:"allorany";s:3:"all";}s:8:"order_no";i:0;}}s:7:"row_min";s:0:"";s:9:"row_limit";s:0:"";s:6:"layout";s:5:"table";s:12:"button_label";s:9:"Add Asset";s:17:"conditional_logic";a:3:{s:6:"status";s:1:"0";s:5:"rules";a:1:{i:0;a:2:{s:5:"field";s:4:"null";s:8:"operator";s:2:"==";}}s:8:"allorany";s:3:"all";}s:8:"order_no";i:10;}]]></wp:meta_value>
		</wp:postmeta>
		<wp:postmeta>
			<wp:meta_key>field_535ea39b9a8f2</wp:meta_key>
			<wp:meta_value><![CDATA[a:13:{s:3:"key";s:19:"field_535ea39b9a8f2";s:5:"label";s:12:"In the Press";s:4:"name";s:5:"press";s:4:"type";s:8:"repeater";s:12:"instructions";s:0:"";s:8:"required";s:1:"0";s:10:"sub_fields";a:4:{i:0;a:15:{s:3:"key";s:19:"field_535ea39b9a8f3";s:5:"label";s:5:"Quote";s:4:"name";s:5:"quote";s:4:"type";s:4:"text";s:12:"instructions";s:14:"or description";s:8:"required";s:1:"0";s:12:"column_width";s:0:"";s:13:"default_value";s:0:"";s:11:"placeholder";s:0:"";s:7:"prepend";s:0:"";s:6:"append";s:0:"";s:10:"formatting";s:4:"html";s:9:"maxlength";s:0:"";s:17:"conditional_logic";a:3:{s:6:"status";s:1:"0";s:5:"rules";a:1:{i:0;a:3:{s:5:"field";s:4:"null";s:8:"operator";s:2:"==";s:5:"value";s:0:"";}}s:8:"allorany";s:3:"all";}s:8:"order_no";i:0;}i:1;a:15:{s:3:"key";s:19:"field_535ea39b9a8f4";s:5:"label";s:3:"URL";s:4:"name";s:3:"url";s:4:"type";s:4:"text";s:12:"instructions";s:37:"to link to a webpage or uploaded file";s:8:"required";s:1:"0";s:12:"column_width";s:0:"";s:13:"default_value";s:0:"";s:11:"placeholder";s:0:"";s:7:"prepend";s:0:"";s:6:"append";s:0:"";s:10:"formatting";s:4:"none";s:9:"maxlength";s:0:"";s:17:"conditional_logic";a:3:{s:6:"status";s:1:"0";s:5:"rules";a:1:{i:0;a:3:{s:5:"field";s:4:"null";s:8:"operator";s:2:"==";s:5:"value";s:0:"";}}s:8:"allorany";s:3:"all";}s:8:"order_no";i:1;}i:2;a:15:{s:3:"key";s:19:"field_535ea39b9a8f6";s:5:"label";s:9:"Link text";s:4:"name";s:9:"link_text";s:4:"type";s:4:"text";s:12:"instructions";s:25:"source name or 'download'";s:8:"required";s:1:"0";s:12:"column_width";s:0:"";s:13:"default_value";s:0:"";s:11:"placeholder";s:0:"";s:7:"prepend";s:0:"";s:6:"append";s:0:"";s:10:"formatting";s:4:"html";s:9:"maxlength";s:0:"";s:17:"conditional_logic";a:3:{s:6:"status";s:1:"0";s:5:"rules";a:1:{i:0;a:3:{s:5:"field";s:4:"null";s:8:"operator";s:2:"==";s:5:"value";s:0:"";}}s:8:"allorany";s:3:"all";}s:8:"order_no";i:2;}i:3;a:12:{s:3:"key";s:19:"field_535ea39b9a8f5";s:5:"label";s:4:"Date";s:4:"name";s:4:"date";s:4:"type";s:11:"date_picker";s:12:"instructions";s:0:"";s:8:"required";s:1:"0";s:12:"column_width";s:0:"";s:11:"date_format";s:6:"yymmdd";s:14:"display_format";s:8:"dd/mm/yy";s:9:"first_day";s:1:"0";s:17:"conditional_logic";a:3:{s:6:"status";s:1:"0";s:5:"rules";a:1:{i:0;a:3:{s:5:"field";s:4:"null";s:8:"operator";s:2:"==";s:5:"value";s:0:"";}}s:8:"allorany";s:3:"all";}s:8:"order_no";i:3;}}s:7:"row_min";s:0:"";s:9:"row_limit";s:0:"";s:6:"layout";s:5:"table";s:12:"button_label";s:14:"Add Press Item";s:17:"conditional_logic";a:3:{s:6:"status";s:1:"0";s:5:"rules";a:1:{i:0;a:3:{s:5:"field";s:4:"null";s:8:"operator";s:2:"==";s:5:"value";s:0:"";}}s:8:"allorany";s:3:"all";}s:8:"order_no";i:1;}]]></wp:meta_value>
		</wp:postmeta>
		<wp:postmeta>
			<wp:meta_key>rule</wp:meta_key>
			<wp:meta_value><![CDATA[a:5:{s:5:"param";s:13:"page_template";s:8:"operator";s:2:"==";s:5:"value";s:18:"template-press.php";s:8:"order_no";i:0;s:8:"group_no";i:0;}]]></wp:meta_value>
		</wp:postmeta>
	</item>
</channel>
</rss>
